Run Name,Layer ID,Array Size,Ifmap SRAM Size (kB),Filter SRAM Size (kB),OFMAP SRAM Size (kB),Cycles,Stalls,Avg DRAM IFMAP BW,Avg DRAM Filter BW,Avg DRAM OFMAP BW,Cost
scale_run_128x512_ifmap315_filter604_ofmap105,0,128x512,315,604,105,54340,42968,19.99787437559783,20.0,15.360676256963544,3008183.641373385
scale_run_128x512_ifmap315_filter604_ofmap105,1,128x512,315,604,105,743083,719135,19.997830096560705,19.998733066309462,1.1254275465087178,30557052.22229739
scale_run_16x64_ifmap66_filter691_ofmap266,0,16x64,66,691,266,322439,178966,19.988354531724802,20.0,20.403973752703546,19472841.93970279
scale_run_16x64_ifmap66_filter691_ofmap266,1,16x64,66,691,266,324300,138541,19.988278218077944,19.99895644006922,20.386957594815215,19579350.5476357
scale_run_128x512_ifmap74_filter777_ofmap172,0,128x512,74,777,172,163718,152346,19.989572660972048,20.0,5.3836219148962465,7428408.669572005
scale_run_128x512_ifmap74_filter777_ofmap172,1,128x512,74,777,172,250918,226970,19.989530747480835,19.999138240574506,3.6353962913700024,10946063.211782847
scale_run_32x32_ifmap503_filter432_ofmap88,0,32x32,503,432,88,173258,60975,19.99856641957315,20.0,19.937564006476453,10384414.085356502
scale_run_32x32_ifmap503_filter432_ofmap88,1,32x32,503,432,88,256381,70622,19.99852460989521,19.998282245195938,13.149103257985779,13625601.580700776
scale_run_32x32_ifmap283_filter691_ofmap49,0,32x32,283,691,49,173587,61304,19.99735984687112,20.0,19.909520952952267,10399055.717398942
scale_run_32x32_ifmap283_filter691_ofmap49,1,32x32,283,691,49,231783,46024,19.997326099425973,19.99895644006922,14.495714644735816,12630318.583352616
scale_run_128x512_ifmap24_filter864_ofmap136,0,128x512,24,864,136,163891,152519,19.96765432852217,20.0,5.421889197296523,7438937.677989951
scale_run_128x512_ifmap24_filter864_ofmap136,1,128x512,24,864,136,565518,541570,19.967567777862268,19.99924652837951,1.6047862368826524,23509488.39594664
scale_run_512x128_ifmap503_filter432_ofmap88,0,512x128,503,432,88,52139,47965,19.998757551755734,20.0,6.851817774317597,2442742.146926137
scale_run_512x128_ifmap503_filter432_ofmap88,1,512x128,503,432,88,258213,240420,19.998533237274756,19.99826717847685,0.877823254834805,10554359.201853128
scale_run_32x32_ifmap288_filter640_ofmap96,0,32x32,288,640,96,170931,58648,19.99740567567408,20.0,20.03262169184429,10260992.607957283
scale_run_32x32_ifmap288_filter640_ofmap96,1,32x32,288,640,96,308657,122898,19.997392070852218,19.998843611273504,10.93034835623689,15718846.649528889
scale_run_16x64_ifmap283_filter691_ofmap49,0,16x64,283,691,49,331638,188165,19.9974123431233,20.0,20.083600445019094,19925146.919033967
scale_run_16x64_ifmap283_filter691_ofmap49,1,16x64,283,691,49,332240,146481,19.997469839334798,19.99895644006922,20.059806202480033,19953082.679781158
scale_run_128x512_ifmap185_filter777_ofmap61,0,128x512,185,777,61,108086,96714,19.995961450206515,20.0,7.891273830548386,5175939.712555674
scale_run_128x512_ifmap185_filter777_ofmap61,1,128x512,185,777,61,145752,121804,19.995914086866513,19.999138240574506,5.676390754990975,6656704.172150628
scale_run_64x16_ifmap99_filter691_ofmap233,0,64x16,99,691,233,434554,320543,19.992159398061858,20.0,4.19843281640049,19203198.60916347
scale_run_64x16_ifmap99_filter691_ofmap233,1,64x16,99,691,233,2744034,2516803,19.992120843827042,19.99895644006922,0.6550463156229367,111534345.12528306
scale_run_256x256_ifmap40_filter864_ofmap120,0,256x256,40,864,120,109160,101579,19.980669985593668,20.0,5.791106236602024,4996447.092414881
scale_run_256x256_ifmap40_filter864_ofmap120,1,256x256,40,864,120,292612,280195,19.980555963008573,19.99924652837951,1.624615557511847,12173951.974124707
scale_run_1024x64_ifmap435_filter512_ofmap76,0,1024x64,435,512,76,101632,91363,19.998383751313202,20.0,3.6297476660042745,4434014.252204809
scale_run_1024x64_ifmap435_filter512_ofmap76,1,1024x64,435,512,76,368404,332709,19.998256997757867,19.998564069427243,0.5271725487693322,14929201.344092079
scale_run_128x512_ifmap76_filter512_ofmap435,0,128x512,76,512,435,108023,96651,19.98991112619347,20.0,8.356375529935352,5222510.923455004
scale_run_128x512_ifmap76_filter512_ofmap435,1,128x512,76,512,435,272158,248210,19.989801121876592,19.998564069427243,4.380855354477124,12075438.325298656
scale_run_16x64_ifmap32_filter864_ofmap128,0,16x64,32,864,128,327331,183858,19.975761730465546,20.0,20.086430111601302,19660217.317855585
scale_run_16x64_ifmap32_filter864_ofmap128,1,16x64,32,864,128,353906,168147,19.975699098717186,19.999321872986812,18.81387515008028,20805743.070876185
scale_run_32x32_ifmap209_filter777_ofmap37,0,32x32,209,777,37,173746,61463,19.99638360325717,20.0,19.937929101061883,10413347.09512462
scale_run_32x32_ifmap209_filter777_ofmap37,1,32x32,209,777,37,298116,112357,19.99633101077256,19.999138240574506,11.240346073078538,15274216.321256462
scale_run_256x256_ifmap128_filter512_ofmap384,0,256x256,128,512,384,92413,84832,19.99410904577061,20.0,7.702304856377476,4407768.6979392115
scale_run_256x256_ifmap128_filter512_ofmap384,1,256x256,128,512,384,269314,256897,19.993972205988833,19.998564069427243,2.7727699950767577,11517295.692931505
scale_run_512x128_ifmap74_filter777_ofmap172,0,512x128,74,777,172,53612,49438,19.9898150337377,20.0,9.036032111519074,2628373.7171515063
scale_run_512x128_ifmap74_filter777_ofmap172,1,512x128,74,777,172,292378,274585,19.98951949611915,19.999138240574506,1.2818539209600661,12066589.65744148
scale_run_128x512_ifmap49_filter691_ofmap283,0,128x512,49,691,283,108799,97427,19.98425931857492,20.0,8.817813765182187,5309616.749439689
scale_run_128x512_ifmap49_filter691_ofmap283,1,128x512,49,691,283,314603,290655,19.984139823317633,19.99895644006922,3.044379732090856,13536573.030605273
scale_run_32x32_ifmap315_filter604_ofmap105,0,32x32,315,604,105,170698,58415,19.997638222998983,20.0,20.046472966987455,10249409.691908306
scale_run_32x32_ifmap315_filter604_ofmap105,1,32x32,315,604,105,746342,560583,19.99761551631225,19.998733066309462,4.496674632852047,33207011.932683118
scale_run_256x256_ifmap444_filter432_ofmap148,0,256x256,444,432,148,49989,42408,19.998592515702246,20.0,12.947705133635006,2646732.4731927197
scale_run_256x256_ifmap444_filter432_ofmap148,1,256x256,444,432,148,301305,288888,19.998592515702246,19.998256416548543,1.4380209956695602,12484533.48363204
scale_run_128x512_ifmap435_filter512_ofmap76,0,128x512,435,512,76,52945,41573,19.99856332160046,20.0,15.859605373329936,2957410.7415530896
scale_run_128x512_ifmap435_filter512_ofmap76,1,128x512,435,512,76,216289,192341,19.99910205181161,19.998564069427243,3.838123950331764,9481199.198789936
scale_run_128x256_ifmap537_filter128_ofmap358,0,128x256,537,128,358,10604,0,9.777720038973692,9.852417302798981,97.54365345869711,1242510.8776481817
scale_run_128x256_ifmap537_filter128_ofmap358,1,128x256,537,128,358,17036,0,9.835707790239466,39.40391039059369,60.950531837388894,1877199.395710431
scale_run_16x64_ifmap503_filter432_ofmap88,0,16x64,503,432,88,329943,186470,19.998619511479625,20.0,20.119769137156144,19835641.505896833
scale_run_16x64_ifmap503_filter432_ofmap88,1,16x64,503,432,88,330601,144842,19.9986022565791,19.998304845317136,20.10848540584728,19870902.868452515
scale_run_256x256_ifmap357_filter604_ofmap63,0,256x256,357,604,63,53939,46358,19.998176679733795,20.0,10.625185212285292,2730573.517093618
scale_run_256x256_ifmap357_filter604_ofmap63,1,256x256,357,604,63,218794,206377,19.99812458975401,19.998792890122825,1.9743212731477267,9183055.211729256
scale_run_512x128_ifmap83_filter691_ofmap249,0,512x128,83,691,249,53669,49495,19.99095431931253,20.0,11.334452207173802,2754583.242869995
scale_run_512x128_ifmap83_filter691_ofmap249,1,512x128,83,691,249,291694,273901,19.990660799558263,19.99895644006922,1.8129765886287625,12193565.804139378
scale_run_512x128_ifmap185_filter777_ofmap61,0,512x128,185,777,61,52698,48524,19.996129690551168,20.0,6.4424527464726244,2447220.41726628
scale_run_512x128_ifmap185_filter777_ofmap61,1,512x128,185,777,61,289524,271731,19.99584600245835,19.999138240574506,0.9081169823806073,11842429.479186608
scale_run_128x512_ifmap118_filter432_ofmap473,0,128x512,118,432,473,52567,41195,19.993749425498667,20.0,19.607931399248272,3133081.5559144723
scale_run_128x512_ifmap118_filter432_ofmap473,1,128x512,118,432,473,303966,280018,19.99348688184468,19.998256416548543,3.9943071647579114,13370263.815082198
scale_run_64x16_ifmap172_filter777_ofmap74,0,64x16,172,777,74,379973,265962,19.995511880469895,20.0,4.628921193573068,16956079.708443325
scale_run_64x16_ifmap172_filter777_ofmap74,1,64x16,172,777,74,1824003,1596772,19.995470642873318,19.999138240574506,0.9202239736284146,74628777.87580563
scale_run_64x16_ifmap148_filter432_ofmap444,0,64x16,148,432,444,433703,319692,19.99476883048946,20.0,4.373373225136856,19242596.313951302
scale_run_64x16_ifmap148_filter432_ofmap444,1,64x16,148,432,444,1671476,1444245,19.994734891017618,19.998304845317136,1.158394304649979,68783634.365089
scale_run_32x32_ifmap326_filter640_ofmap57,0,32x32,326,640,57,173787,61504,19.99772371944243,20.0,19.939275169935687,10416271.225988355
scale_run_32x32_ifmap326_filter640_ofmap57,1,32x32,326,640,57,308657,122898,19.99768121318926,19.998843611273504,10.864359827880165,15698568.074138213
scale_run_128x512_ifmap148_filter432_ofmap444,0,128x512,148,432,444,107255,95883,19.99490487585184,20.0,8.586719758720271,5210622.150181032
scale_run_128x512_ifmap148_filter432_ofmap444,1,128x512,148,432,444,303966,280018,19.994809441625684,19.998256416548543,3.949956786012837,13357184.821062963
scale_run_16x64_ifmap118_filter432_ofmap473,0,16x64,118,432,473,311169,167696,19.993565644216893,20.0,20.465743350900844,18813062.72070179
scale_run_16x64_ifmap118_filter432_ofmap473,1,16x64,118,432,473,313651,127892,19.993539390023873,19.998304845317136,20.486151340163257,18968983.790252488
scale_run_16x64_ifmap294_filter604_ofmap126,0,16x64,294,604,126,327916,184443,19.997520346443025,20.0,20.130623611709712,19716980.45418161
scale_run_16x64_ifmap294_filter604_ofmap126,1,16x64,294,604,126,746731,560972,19.997532996176144,19.998733066309462,8.916508976354448,36524685.41752807
scale_run_32x32_ifmap151_filter518_ofmap354,0,32x32,151,518,354,169134,56851,19.994948280009623,20.0,20.299305660729058,10197808.346012896
scale_run_32x32_ifmap151_filter518_ofmap354,1,32x32,151,518,354,293761,108002,19.99489606690916,19.998580635431775,12.503627291584907,15421601.76635965
scale_run_32x32_ifmap74_filter777_ofmap172,0,32x32,74,777,172,171640,59357,19.989572660972048,20.0,19.98893547702491,10294711.136805797
scale_run_32x32_ifmap74_filter777_ofmap172,1,32x32,74,777,172,816210,630451,19.98947593844648,19.999138240574506,4.1014585680605835,35986758.27689545
scale_run_256x256_ifmap379_filter518_ofmap126,0,256x256,379,518,126,88335,80754,19.998145075691216,20.0,7.102137389645644,4160603.451575531
scale_run_256x256_ifmap379_filter518_ofmap126,1,256x256,379,518,126,213723,201306,19.99823339761803,19.998580635431775,1.9992808508088122,8975531.386862913
scale_run_32x32_ifmap473_filter432_ofmap118,0,32x32,473,432,118,170530,58247,19.998466429553083,20.0,20.070417019414066,10243546.694552368
scale_run_32x32_ifmap473_filter432_ofmap118,1,32x32,473,432,118,256381,70622,19.998435388045497,19.998282245195938,13.164211876645325,13629452.268674277
scale_run_16x64_ifmap96_filter640_ofmap288,0,16x64,96,640,288,320772,177299,19.99198795765757,20.0,20.365774083582853,19361080.045492772
scale_run_16x64_ifmap96_filter640_ofmap288,1,16x64,96,640,288,322682,136923,19.992002114695097,19.998843611273504,20.35714220517049,19473209.441595823
scale_run_128x512_ifmap358_filter512_ofmap153,0,128x512,358,512,153,54222,42850,19.998181652877534,20.0,15.15308092314649,2990411.7593971747
scale_run_128x512_ifmap358_filter512_ofmap153,1,128x512,358,512,153,215281,191333,19.99825438041415,19.998564069427243,3.8083787893965195,9430426.666860377
scale_run_32x32_ifmap105_filter604_ofmap315,0,32x32,105,604,315,164643,52360,19.992684175872412,20.0,20.555103364888378,9968769.38407348
scale_run_32x32_ifmap105_filter604_ofmap315,1,32x32,105,604,315,2089853,1904094,19.99257184730127,19.998733066309462,1.687113009536393,87101766.73194279
scale_run_128x512_ifmap172_filter777_ofmap74,0,128x512,172,777,74,53776,42404,19.995808885163452,20.0,15.32631523402459,2975002.5466334564
scale_run_128x512_ifmap172_filter777_ofmap74,1,128x512,172,777,74,353037,329089,19.995515745339176,19.999138240574506,2.3767092535549064,14958658.963972274
scale_run_32x32_ifmap404_filter518_ofmap101,0,32x32,404,518,101,173824,61541,19.998187344036058,20.0,19.83434549252406,10400330.187782226
scale_run_32x32_ifmap404_filter518_ofmap101,1,32x32,404,518,101,232182,46423,19.998168265194494,19.998580635431775,14.478838371816234,12648250.804090247
scale_run_512x128_ifmap48_filter864_ofmap112,0,512x128,48,864,112,54535,50361,19.984100887098233,20.0,7.748132337246531,2603077.3388896417
scale_run_512x128_ifmap48_filter864_ofmap112,1,512x128,48,864,112,291916,274123,19.983808102097772,19.999321872986812,1.0125239318234882,11967287.305888975
scale_run_64x16_ifmap126_filter604_ofmap294,0,64x16,126,604,294,380893,266882,19.993854358717957,20.0,5.786070791699459,17437253.03031794
scale_run_64x16_ifmap126_filter604_ofmap294,1,64x16,126,604,294,1170098,942867,19.99381936144784,19.998733066309462,1.5503474764626173,48609264.09212792
scale_run_32x32_ifmap112_filter864_ofmap48,0,32x32,112,864,48,278802,166519,19.99310228431797,20.0,12.439895625852234,14618424.683351273
scale_run_32x32_ifmap112_filter864_ofmap48,1,32x32,112,864,48,545071,359312,19.993065607062075,19.999321872986812,6.151818288807815,25151868.382636495
scale_run_128x512_ifmap128_filter512_ofmap384,0,128x512,128,512,384,53443,42071,19.99425751458053,20.0,19.590294798857684,3184377.229287078
scale_run_128x512_ifmap128_filter512_ofmap384,1,128x512,128,512,384,214161,190213,19.993994022622516,19.998564069427243,4.394289827507396,9505931.73730028
scale_run_64x16_ifmap307_filter640_ofmap76,0,64x16,307,640,76,324311,210300,19.99751636322885,20.0,5.479917348354044,14748832.004437162
scale_run_64x16_ifmap307_filter640_ofmap76,1,64x16,307,640,76,504737,277506,19.99749493114975,19.998843611273504,3.337071994158592,21871975.63400271
scale_run_128x512_ifmap283_filter691_ofmap49,0,128x512,283,691,49,53877,42505,19.997584832749666,20.0,15.708287511943608,3001265.2843150394
scale_run_128x512_ifmap283_filter691_ofmap49,1,128x512,283,691,49,236789,212841,19.997326099425973,19.99895644006922,3.5153826755768502,10303083.694611695
scale_run_16x64_ifmap357_filter604_ofmap63,0,16x64,357,604,63,331138,187665,19.99799436599174,20.0,20.100454120033344,19900880.034765378
scale_run_16x64_ifmap357_filter604_ofmap63,1,16x64,357,604,63,749071,563312,19.99803082847422,19.998733066309462,8.916581490893632,36639568.541394696
scale_run_128x512_ifmap136_filter864_ofmap24,0,128x512,136,864,24,109156,97784,19.99443721681396,20.0,7.931654970919913,5231420.518844279
scale_run_128x512_ifmap136_filter864_ofmap24,1,128x512,136,864,24,131036,107088,19.9944129743152,19.99924652837951,6.3755523388694195,6076036.042871198
scale_run_16x64_ifmap63_filter604_ofmap357,0,16x64,63,604,357,316860,173387,19.987790544049712,20.0,20.363199839026354,19122814.812781483
scale_run_16x64_ifmap63_filter604_ofmap357,1,16x64,63,604,357,746348,560589,19.987695027317905,19.998733066309462,8.851521717849197,36450106.16589591
scale_run_16x64_ifmap48_filter864_ofmap112,0,16x64,48,864,112,328638,185165,19.98386199561095,20.0,20.12889742090639,19755337.029125426
scale_run_16x64_ifmap48_filter864_ofmap112,1,16x64,48,864,112,329440,143681,19.98385930092839,19.999321872986812,20.119943947772796,19800373.540088892
scale_run_128x512_ifmap105_filter604_ofmap315,0,128x512,105,604,315,54519,43147,19.99291634199901,20.0,18.574513900733415,3193037.729403529
scale_run_128x512_ifmap105_filter604_ofmap315,1,128x512,105,604,315,743083,719135,19.99263518268028,19.998733066309462,1.2349042340198089,30634542.23549219
scale_run_64x1024_ifmap153_filter512_ofmap358,0,64x1024,153,512,358,72595,47546,19.99525988587264,20.0,21.321133585404354,4451263.584047354
scale_run_64x1024_ifmap153_filter512_ofmap358,1,64x1024,153,512,358,221165,152532,19.995195555889197,19.998564069427243,7.444456312278312,10491673.027838144
scale_run_128x128_ifmap576_filter64_ofmap384,0,128x128,576,64,384,10220,0,9.815976524290837,3.4174757281553396,102.10065619873447,1178714.5883710661
scale_run_128x128_ifmap576_filter64_ofmap384,1,128x128,576,64,384,27161,0,9.168691720825091,29.432335329341317,39.62477498815727,2124691.0091629094
scale_run_32x32_ifmap49_filter777_ofmap197,0,32x32,49,777,197,382610,270327,19.984128771708356,20.0,9.04359074831909,18758495.765557703
scale_run_32x32_ifmap49_filter777_ofmap197,1,32x32,49,777,197,1047996,862237,19.984095510943643,19.999138240574506,3.411046773053876,45477032.41262938
scale_run_16x64_ifmap185_filter777_ofmap61,0,16x64,185,777,61,330801,187328,19.995961450206515,20.0,20.048807283271348,19862869.54180321
scale_run_16x64_ifmap185_filter777_ofmap61,1,16x64,185,777,61,337565,151806,19.995961450206515,19.999138240574506,19.76676189322611,20173512.805605367
scale_run_32x32_ifmap83_filter691_ofmap249,0,32x32,83,691,249,218777,106494,19.99068395310923,20.0,15.777044371103777,12200696.299586348
scale_run_32x32_ifmap83_filter691_ofmap249,1,32x32,83,691,249,294956,109197,19.990660799558263,19.99895644006922,12.447937131630649,15466771.287128814
scale_run_512x128_ifmap120_filter864_ofmap40,0,512x128,120,864,40,53419,49245,19.99385316290926,20.0,6.406631223665924,2478667.47544646
scale_run_512x128_ifmap120_filter864_ofmap40,1,512x128,120,864,40,292355,274562,19.993559474859918,19.999321872986812,0.8272461622974334,11933968.378228199
scale_run_512x128_ifmap379_filter518_ofmap126,0,512x128,379,518,126,49313,45139,19.998282465692252,20.0,7.13215610187391,2324143.31708239
scale_run_512x128_ifmap379_filter518_ofmap126,1,512x128,379,518,126,243247,225454,19.99801825582732,19.998580635431775,1.3019189663040085,10045740.573298654
scale_run_512x128_ifmap404_filter518_ofmap101,0,512x128,404,518,101,52335,48161,19.998388734028325,20.0,6.71569307617594,2444781.47153704
scale_run_512x128_ifmap404_filter518_ofmap101,1,512x128,404,518,101,269555,251762,19.998138115988212,19.998580635431775,0.9946969557957319,11049441.060958534
scale_run_256x256_ifmap66_filter691_ofmap266,0,256x256,66,691,266,108786,101205,19.988354531724802,20.0,6.432178612563126,5049904.118634507
scale_run_256x256_ifmap66_filter691_ofmap266,1,256x256,66,691,266,293022,280605,19.988240612031962,19.99895644006922,2.1551198906696483,12348625.995204592
scale_run_256x256_ifmap24_filter864_ofmap136,0,256x256,24,864,136,108978,101397,19.967715603819098,20.0,5.863823600678459,4994629.479427735
scale_run_256x256_ifmap24_filter864_ofmap136,1,256x256,24,864,136,293087,280670,19.967600566137477,19.99924652837951,1.7641382789172653,12230809.310143724
scale_run_16x64_ifmap88_filter432_ofmap503,0,16x64,88,432,503,308087,164614,19.991307890805377,20.0,20.3123859572294,18578784.12655949
scale_run_16x64_ifmap88_filter432_ofmap503,1,16x64,88,432,503,310317,124558,19.991232471545146,19.998304845317136,20.360042601749715,18727500.59160392
scale_run_256x256_ifmap358_filter512_ofmap153,0,256x256,358,512,153,50289,42708,19.998181652877534,20.0,12.519442169246023,2641058.7843907713
scale_run_256x256_ifmap358_filter512_ofmap153,1,256x256,358,512,153,212259,199842,19.998129704960956,19.998564069427243,2.0467627597013376,8924102.040469311
scale_run_32x32_ifmap414_filter432_ofmap177,0,32x32,414,432,177,172086,59803,19.998231121645766,20.0,19.83003482496472,10295606.973688412
scale_run_32x32_ifmap414_filter432_ofmap177,1,32x32,414,432,177,256381,70622,19.998224185483828,19.998282245195938,13.095879900569573,13611879.099992037
scale_run_256x256_ifmap75_filter518_ofmap430,0,256x256,75,518,430,92817,85236,19.989801121876592,20.0,8.41144950833442,4492458.879744296
scale_run_256x256_ifmap75_filter518_ofmap430,1,256x256,75,518,430,292510,280093,19.989656768012193,19.998580635431775,3.0180799610285676,12579777.892281862
scale_run_64x16_ifmap151_filter518_ofmap354,0,64x16,151,518,354,379829,265818,19.994880260793245,20.0,5.887779411019312,17427564.74048489
scale_run_64x16_ifmap151_filter518_ofmap354,1,64x16,151,518,354,816850,589619,19.994852421862326,19.998580635431775,2.2573938344563818,34512587.94652638
scale_run_256x256_ifmap83_filter691_ofmap249,0,256x256,83,691,249,108985,101404,19.99077348915885,20.0,6.218814913163587,5036151.992027111
scale_run_256x256_ifmap83_filter691_ofmap249,1,256x256,83,691,249,291780,279363,19.990660799558263,19.99895644006922,2.1380452788514632,12292009.369641788
scale_run_128x512_ifmap48_filter864_ofmap112,0,128x512,48,864,112,54799,43427,19.984100887098233,20.0,16.01533060054043,3068712.846091111
scale_run_128x512_ifmap48_filter864_ofmap112,1,128x512,48,864,112,355770,331822,19.983796055352226,19.99924652837951,2.349669190464819,15060708.867905905
scale_run_128x512_ifmap99_filter691_ofmap233,0,128x512,99,691,233,54101,42729,19.99247190407055,20.0,18.096464625482945,3142669.5551853734
scale_run_128x512_ifmap99_filter691_ofmap233,1,128x512,99,691,233,229773,205825,19.992200194995124,19.99895644006922,4.047817711912805,10118967.25262798
scale_run_32x32_ifmap115_filter640_ofmap268,0,32x32,115,640,268,273620,161337,19.99328182734296,20.0,12.5948586173996,14389166.98849046
scale_run_32x32_ifmap115_filter640_ofmap268,1,32x32,115,640,268,544179,358420,19.993245525160418,19.998843611273504,6.205162733499897,25139574.325328715
scale_run_16x64_ifmap136_filter864_ofmap24,0,16x64,136,864,24,332484,189011,19.99443721681396,20.0,20.066042582339175,19969148.565541632
scale_run_16x64_ifmap136_filter864_ofmap24,1,16x64,136,864,24,344342,158583,19.9944129743152,19.999321872986812,19.409575363050376,20455054.64445316
scale_run_512x128_ifmap177_filter432_ofmap414,0,512x128,177,432,414,50581,46407,19.995955510616785,20.0,31.912087912087912,3637180.7443638262
scale_run_512x128_ifmap177_filter432_ofmap414,1,512x128,177,432,414,290626,272833,19.995655774426087,19.99826717847685,634.0116959064327,195883556.98661327
scale_run_64x1024_ifmap102_filter512_ofmap409,0,64x1024,102,512,409,70337,45288,19.992710307625018,20.0,22.247679362606775,4377802.2882350935
scale_run_64x1024_ifmap102_filter512_ofmap409,1,64x1024,102,512,409,221165,152532,19.99253257663443,19.998564069427243,7.484272930648769,10499890.112433167
scale_run_32x32_ifmap66_filter691_ofmap266,0,32x32,66,691,266,218775,106492,19.988264309748875,20.0,15.643116202240735,12170755.271510527
scale_run_32x32_ifmap66_filter691_ofmap266,1,32x32,66,691,266,942239,756480,19.988193862292107,19.99895644006922,3.6404005802166997,41107579.916049436
scale_run_256x256_ifmap118_filter432_ofmap473,0,256x256,118,432,473,106306,98725,19.993565644216893,20.0,7.4651996760967085,5045151.5061412575
scale_run_256x256_ifmap118_filter432_ofmap473,1,256x256,118,432,473,301305,288888,19.99345537706955,19.998256416548543,3.906777294307361,13226834.25463738
scale_run_512x128_ifmap197_filter777_ofmap49,0,512x128,197,777,49,51931,47757,19.99639600677551,20.0,6.64036672077551,2421893.7252044524
scale_run_512x128_ifmap197_filter777_ofmap49,1,512x128,197,777,49,293010,275217,19.996102857680395,19.999138240574506,0.8232198788891208,11960217.25091297
scale_run_16x64_ifmap177_filter432_ofmap414,0,16x64,177,432,414,314320,170847,19.995771709056815,20.0,20.435508791682857,18994760.08699249
scale_run_16x64_ifmap177_filter432_ofmap414,1,16x64,177,432,414,316562,130803,19.99574545196694,19.998304845317136,20.44700025670175,19133339.84547086
scale_run_512x128_ifmap209_filter777_ofmap37,0,512x128,209,777,37,54607,50433,19.996602741587537,20.0,5.782924595907318,2499882.6493185814
scale_run_512x128_ifmap209_filter777_ofmap37,1,512x128,209,777,37,289597,271804,19.99633101077256,19.999138240574506,0.8243716424549571,11821303.463322384
scale_run_256x256_ifmap266_filter691_ofmap66,0,256x256,266,691,66,54703,47122,19.997430579771322,20.0,10.410491227441351,2757464.546619955
scale_run_256x256_ifmap266_filter691_ofmap66,1,256x256,266,691,66,212965,200548,19.997247075017206,19.99895644006922,2.021049541215999,8948204.297135446
scale_run_512x128_ifmap112_filter864_ofmap48,0,512x128,112,864,48,52263,48089,19.993395707209686,20.0,6.349900509478932,2422039.690172797
scale_run_512x128_ifmap112_filter864_ofmap48,1,512x128,112,864,48,292991,275198,19.99309658687133,19.999321872986812,0.8264044515588078,11959547.743638964
scale_run_256x256_ifmap148_filter432_ofmap444,0,256x256,148,432,444,91654,84073,19.99493398347212,20.0,8.606867118151776,4454549.478168237
scale_run_256x256_ifmap148_filter432_ofmap444,1,256x256,148,432,444,301305,288888,19.994809441625684,19.998256416548543,3.876534160491289,13218129.833624013
scale_run_512x128_ifmap61_filter777_ofmap185,0,512x128,61,777,185,53661,49487,19.987569464755776,20.0,9.532873789594618,2657316.5054716966
scale_run_512x128_ifmap61_filter777_ofmap185,1,512x128,61,777,185,292664,274871,19.98727211470071,19.999138240574506,1.4606892184995082,12130073.949659206
scale_run_256x256_ifmap473_filter432_ofmap118,0,256x256,473,432,118,52051,44470,19.99867875604882,20.0,10.420836398213101,2624386.183294487
scale_run_256x256_ifmap473_filter432_ofmap118,1,256x256,473,432,118,301305,288888,19.99917420207275,19.998256416548543,1.4306256082072935,12482480.481424587
scale_run_256x256_ifmap49_filter691_ofmap283,0,256x256,49,691,283,108578,100997,19.98425931857492,20.0,6.654445462878093,5063937.287760605
scale_run_256x256_ifmap49_filter691_ofmap283,1,256x256,49,691,283,293136,280719,19.984144428603994,19.99895644006922,2.09239736172964,12333843.249267371
scale_run_512x128_ifmap49_filter777_ofmap197,0,512x128,49,777,197,54444,50270,19.984438050775385,20.0,8.611844251356722,2645775.99365728
scale_run_512x128_ifmap49_filter777_ofmap197,1,512x128,49,777,197,293008,275215,19.984144428603994,19.999138240574506,1.467013971110585,12145268.517977823
scale_run_128x512_ifmap75_filter518_ofmap430,0,128x512,75,518,430,108438,97066,19.989771315847154,20.0,8.278716408833478,5234138.271888917
scale_run_128x512_ifmap75_filter518_ofmap430,1,128x512,75,518,430,377145,353197,19.98964157743978,19.998580635431775,2.8204418305855214,16145073.60066962
scale_run_32x32_ifmap75_filter518_ofmap430,0,32x32,75,518,430,164720,52437,19.98971117807011,20.0,19.996780912705926,9880974.97719263
scale_run_32x32_ifmap75_filter518_ofmap430,1,32x32,75,518,430,1673261,1487502,19.98960068914836,19.998580635431775,2.1753738792077058,70550632.54384525
scale_run_512x128_ifmap315_filter604_ofmap105,0,512x128,315,604,105,49190,45016,19.99787437559783,20.0,8.516935980527288,2386443.5214177947
scale_run_512x128_ifmap315_filter604_ofmap105,1,512x128,315,604,105,290860,273067,19.997587163710943,19.998792890122825,0.9946928553080621,11922663.466352992
scale_run_64x1024_ifmap409_filter512_ofmap102,0,64x1024,409,512,102,82826,57777,19.998408428960225,20.0,20.344335987670178,4997948.14905183
scale_run_64x1024_ifmap409_filter512_ofmap102,1,64x1024,409,512,102,223721,155088,19.99856757466517,19.998564069427243,7.442906020172539,10613332.666287018
scale_run_16x64_ifmap57_filter640_ofmap326,0,16x64,57,640,326,319910,176437,19.986493146184312,20.0,20.505893080274223,19352119.27770635
scale_run_16x64_ifmap57_filter640_ofmap326,1,16x64,57,640,326,712023,526264,19.98633877865315,19.998843611273504,9.449283283198463,35198476.55197556
scale_run_128x512_ifmap336_filter604_ofmap84,0,128x512,336,604,84,54342,42970,19.998007306542675,20.0,15.478904265335489,3014726.328639003
scale_run_128x512_ifmap336_filter604_ofmap84,1,128x512,336,604,84,743083,719135,19.99796579631809,19.998733066309462,1.1260570728456314,30557620.84879922
scale_run_32x32_ifmap177_filter432_ofmap414,0,32x32,177,432,414,164643,52360,19.995710442621043,20.0,20.525629774476833,9964415.017363647
scale_run_32x32_ifmap177_filter432_ofmap414,1,32x32,177,432,414,499766,314007,19.99562765073674,19.998282245195938,6.740941642050286,23356489.813731592
scale_run_16x64_ifmap99_filter691_ofmap233,0,16x64,99,691,233,321842,178369,19.99229689950205,20.0,20.13165509259259,19350412.957039725
scale_run_16x64_ifmap99_filter691_ofmap233,1,16x64,99,691,233,325674,139915,19.99227123242297,19.99895644006922,20.34865225708542,19651130.056185257
scale_run_32x32_ifmap294_filter604_ofmap126,0,32x32,294,604,126,173126,60843,19.997463997826284,20.0,19.99366028296366,10386023.382236041
scale_run_32x32_ifmap294_filter604_ofmap126,1,32x32,294,604,126,746342,560583,19.99742138143629,19.998733066309462,4.487426677415503,33199964.904115103
scale_run_128x512_ifmap404_filter518_ofmap101,0,128x512,404,518,101,52851,41479,19.998388734028325,20.0,15.343506207625254,2924874.4895613333
scale_run_128x512_ifmap404_filter518_ofmap101,1,128x512,404,518,101,215306,191358,19.998453179682514,19.998580635431775,3.8551985103656796,9441648.73306979
scale_run_128x512_ifmap266_filter691_ofmap66,0,128x512,266,691,66,53478,42106,19.997430579771322,20.0,15.606451381799294,2973584.3995408732
scale_run_128x512_ifmap266_filter691_ofmap66,1,128x512,266,691,66,213093,189145,19.997289421969235,19.99895644006922,3.8934557861761103,9352588.193322986
scale_run_32x32_ifmap126_filter518_ofmap379,0,32x32,126,518,379,164698,52415,19.993923779895002,20.0,20.02790804597701,9885475.658057468
scale_run_32x32_ifmap126_filter518_ofmap379,1,32x32,126,518,379,585673,399914,19.9938363359912,19.998580635431775,5.917253455732138,26888054.408083215
scale_run_256x256_ifmap88_filter432_ofmap503,0,256x256,88,432,503,93010,85429,19.99133805866881,20.0,9.646398378979887,4616805.866065705
scale_run_256x256_ifmap88_filter432_ofmap503,1,256x256,88,432,503,301305,288888,19.991195110214697,19.998256416548543,3.96119768355286,13242550.360314293
scale_run_64x16_ifmap379_filter518_ofmap126,0,64x16,379,518,126,380033,266022,19.997990514196502,20.0,5.432031025925602,17264907.375957225
scale_run_64x16_ifmap379_filter518_ofmap126,1,64x16,379,518,126,519648,292417,19.997977157142447,19.998580635431775,3.403685910153651,22552849.839635134
scale_run_256x256_ifmap185_filter777_ofmap61,0,256x256,185,777,61,91962,84381,19.995988980251006,20.0,6.483703538341333,4274365.483394789
scale_run_256x256_ifmap185_filter777_ofmap61,1,256x256,185,777,61,144392,131975,19.995914086866513,19.999138240574506,2.972326354384402,6204145.742626135
scale_run_512x128_ifmap294_filter604_ofmap126,0,512x128,294,604,126,53248,49074,19.99767530677648,20.0,7.33388893097962,2520311.132532037
scale_run_512x128_ifmap294_filter604_ofmap126,1,512x128,294,604,126,286711,268918,19.99741136478979,19.998792890122825,1.142688505238306,11794973.08215563
scale_run_32x32_ifmap307_filter640_ofmap76,0,32x32,307,640,76,172314,60031,19.997576932396413,20.0,20.02606022296288,10342913.012788583
scale_run_32x32_ifmap307_filter640_ofmap76,1,32x32,307,640,76,308657,122898,19.997540590851845,19.998843611273504,10.850581870548398,15694272.00709326
scale_run_32x32_ifmap24_filter864_ofmap136,0,32x32,24,864,136,385543,273260,19.967584834108308,20.0,9.032791898959896,18891752.246797316
scale_run_32x32_ifmap24_filter864_ofmap136,1,32x32,24,864,136,1675765,1490006,19.967544384754813,19.999321872986812,2.025656396115574,70369599.72504102
scale_run_32x32_ifmap37_filter777_ofmap209,0,32x32,37,777,209,219127,106844,19.97901671790314,20.0,15.679820930441824,12196354.117368884
scale_run_32x32_ifmap37_filter777_ofmap209,1,32x32,37,777,209,858915,673156,19.978948421306058,19.999138240574506,4.114564026246364,37871839.065792546
scale_run_128x512_ifmap63_filter604_ofmap357,0,128x512,63,604,357,108868,97496,19.987790544049712,20.0,8.350106389096556,5262450.163317768
scale_run_128x512_ifmap63_filter604_ofmap357,1,128x512,63,604,357,743083,719135,19.98767193363179,19.998733066309462,1.192488771654666,30599335.920478813
scale_run_256x256_ifmap120_filter864_ofmap40,0,256x256,120,864,40,54569,46988,19.99385316290926,20.0,11.012852836913044,2783384.939704303
scale_run_256x256_ifmap120_filter864_ofmap40,1,256x256,120,864,40,293175,280758,19.993559474859918,19.99924652837951,1.4896547697950184,12161620.437134372
scale_run_16x64_ifmap75_filter518_ofmap430,0,16x64,75,518,430,314163,170690,19.989771315847154,20.0,20.532742486842753,19013934.50379447
scale_run_16x64_ifmap75_filter518_ofmap430,1,16x64,75,518,430,429754,243995,19.989644701305608,19.998580635431775,15.243545142424926,23736074.290501922
scale_run_1024x64_ifmap384_filter512_ofmap128,0,1024x64,384,512,128,109067,98798,19.99813532458066,20.0,3.5975322712519513,4754848.677674675
scale_run_1024x64_ifmap384_filter512_ofmap128,1,1024x64,384,512,128,325415,289720,19.9980256486193,19.998564069427243,0.8213776690597883,13282778.857275207
scale_run_64x16_ifmap233_filter691_ofmap99,0,64x16,233,691,99,324267,210256,19.996708611552165,20.0,5.483107597804743,14747603.562759537
scale_run_64x16_ifmap233_filter691_ofmap99,1,64x16,233,691,99,838452,611221,19.996671441562995,19.99895644006922,2.0101812728033113,35219854.697154775
scale_run_32x32_ifmap444_filter432_ofmap148,0,32x32,444,432,148,169056,56773,19.998357954245567,20.0,20.012099043331457,10145127.81818238
scale_run_32x32_ifmap444_filter432_ofmap148,1,32x32,444,432,148,256381,70622,19.99833840770588,19.998282245195938,13.238130663606505,13648378.777277721
scale_run_256x256_ifmap37_filter777_ofmap209,0,256x256,37,777,209,108703,101122,19.979108252240366,20.0,6.124385768817091,5011588.110571009
scale_run_256x256_ifmap37_filter777_ofmap209,1,256x256,37,777,209,293662,281245,19.978993096274845,19.999138240574506,1.9392291628470624,12309535.919061849
scale_run_32x32_ifmap354_filter518_ofmap151,0,32x32,354,518,151,173047,60764,19.99791604096818,20.0,19.948452723047158,10373539.275506562
scale_run_32x32_ifmap354_filter518_ofmap151,1,32x32,354,518,151,232182,46423,19.99790958975699,19.998580635431775,14.612214233924156,12679158.218725756
scale_run_128x512_ifmap249_filter691_ofmap83,0,128x512,249,691,83,109106,97734,19.997037475929492,20.0,7.8110690786524914,5216151.273744222
scale_run_128x512_ifmap249_filter691_ofmap83,1,128x512,249,691,83,213093,189145,19.997047725364652,19.99895644006922,3.8838835492408412,9350496.91278318
scale_run_16x64_ifmap24_filter864_ofmap136,0,16x64,24,864,136,326933,183460,19.96765432852217,20.0,20.08957172204493,19634689.084390055
scale_run_16x64_ifmap24_filter864_ofmap136,1,16x64,24,864,136,424088,238329,19.967580136507202,19.999321872986812,15.709465059222651,23611679.157437913
scale_run_16x64_ifmap148_filter432_ofmap444,0,16x64,148,432,444,313335,169862,19.99484285705719,20.0,20.531683430060987,18965079.114174176
scale_run_16x64_ifmap148_filter432_ofmap444,1,16x64,148,432,444,315914,130155,19.994840192554634,19.998304845317136,20.533312669555503,19121155.360184178
scale_run_64x16_ifmap57_filter640_ofmap326,0,64x16,57,640,326,434651,320640,19.986356651821296,20.0,4.293878315470924,19246448.40876853
scale_run_64x16_ifmap57_filter640_ofmap326,1,64x16,57,640,326,2262276,2035045,19.98631957749765,19.998843611273504,0.8366749565332218,92350264.7120066
scale_run_16x64_ifmap105_filter604_ofmap315,0,16x64,105,604,315,319170,175697,19.99274363253755,20.0,20.364155505215113,19264111.497796517
scale_run_16x64_ifmap105_filter604_ofmap315,1,16x64,105,604,315,746348,560589,19.992648744016293,19.998733066309462,8.875529096844454,36471721.22174467
scale_run_512x128_ifmap37_filter777_ofmap209,0,512x128,37,777,209,54524,50350,19.979288167002778,20.0,9.146456692913386,2678532.112742069
scale_run_512x128_ifmap37_filter777_ofmap209,1,512x128,37,777,209,293534,275741,19.978993096274845,19.999138240574506,1.4727333238244664,12167238.107306227
scale_run_128x512_ifmap354_filter518_ofmap151,0,128x512,354,518,151,53727,42355,19.99816119007778,20.0,15.145939086294415,2962727.0755486493
scale_run_128x512_ifmap354_filter518_ofmap151,1,128x512,354,518,151,214738,190790,19.9982347359827,19.998580635431775,3.809551355044409,9406891.578106327
scale_run_128x512_ifmap120_filter864_ofmap40,0,128x512,120,864,40,54863,43491,19.99385316290926,20.0,15.579215532036613,3048905.2678108155
scale_run_128x512_ifmap120_filter864_ofmap40,1,128x512,120,864,40,273958,250010,19.99356480533536,19.99924652837951,3.037837190046629,11788590.408272652
scale_run_16x64_ifmap112_filter864_ofmap48,0,16x64,112,864,48,331417,187944,19.993120622996383,20.0,20.0486869238689,19898875.73175945
scale_run_16x64_ifmap112_filter864_ofmap48,1,16x64,112,864,48,332422,146663,19.993147043185445,19.999321872986812,20.078973666441595,19969069.086197663
scale_run_64x1024_ifmap384_filter512_ofmap128,0,64x1024,384,512,128,80856,55807,19.998304826159924,20.0,20.450944259909154,4887684.484103201
scale_run_64x1024_ifmap384_filter512_ofmap128,1,64x1024,384,512,128,222336,153703,19.998643837938634,19.998564069427243,7.448975866061092,10548994.715448659
scale_run_128x512_ifmap177_filter432_ofmap414,0,128x512,177,432,414,51343,39971,19.995955510616785,20.0,17.662084904512835,2960336.769034
scale_run_128x512_ifmap177_filter432_ofmap414,1,128x512,177,432,414,303966,280018,19.995674403716553,19.998256416548543,3.7170704390608127,13286658.208792258
scale_run_64x16_ifmap48_filter864_ofmap112,0,64x16,48,864,112,814943,700932,19.98376434262142,20.0,2.1649292397152196,34348782.79407017
scale_run_64x16_ifmap48_filter864_ofmap112,1,64x16,48,864,112,3010422,2783191,19.983746474223683,19.999321872986812,0.5736506792258838,122092839.20500265
scale_run_512x128_ifmap126_filter518_ofmap379,0,512x128,126,518,379,52251,48077,19.994166757811076,20.0,19.30209371884347,3098288.906165676
scale_run_512x128_ifmap126_filter518_ofmap379,1,512x128,126,518,379,290905,273112,19.993870378946795,19.998580635431775,10.401611820013432,14659884.848838806
scale_run_256x256_ifmap249_filter691_ofmap83,0,256x256,249,691,83,90103,82522,19.997072324051903,20.0,6.6643642288363125,4204335.417724887
scale_run_256x256_ifmap249_filter691_ofmap83,1,256x256,249,691,83,212965,200548,19.997047725364652,19.99895644006922,2.026947325129806,8949417.864187894
scale_run_64x16_ifmap115_filter640_ofmap268,0,64x16,115,640,268,489171,375160,19.993249480494658,20.0,3.729739449101386,21388018.217679426
scale_run_64x16_ifmap115_filter640_ofmap268,1,64x16,115,640,268,2215515,1988284,19.99321784428459,19.998843611273504,0.8187444903625091,90416952.7352763
scale_run_16x64_ifmap151_filter518_ofmap354,0,16x64,151,518,354,315951,172478,19.995006331258583,20.0,20.25148493237077,19034939.161234956
scale_run_16x64_ifmap151_filter518_ofmap354,1,16x64,151,518,354,328263,142504,19.994945547085756,19.998580635431775,19.647014259202706,19577782.72702041
scale_run_512x128_ifmap63_filter604_ofmap357,0,512x128,63,604,357,53766,49592,19.987972665148064,20.0,15.484696598059081,2982543.5356055954
scale_run_512x128_ifmap63_filter604_ofmap357,1,512x128,63,604,357,292499,274706,19.98767646988735,19.998792890122825,4.767319657894158,13090438.533947999
scale_run_32x32_ifmap268_filter640_ofmap115,0,32x32,268,640,115,173032,60749,19.99720682263931,20.0,19.958529489250083,10374260.965518845
scale_run_32x32_ifmap268_filter640_ofmap115,1,32x32,268,640,115,308657,122898,19.99715825254391,19.998843611273504,10.871058728719653,15700474.321310712
scale_run_256x256_ifmap84_filter604_ofmap336,0,256x256,84,604,336,93123,85542,19.990917443788483,20.0,8.002094211983852,4469253.224420487
scale_run_256x256_ifmap84_filter604_ofmap336,1,256x256,84,604,336,293104,280687,19.990774125492244,19.998792890122825,2.3654055941004493,12414411.891798057
scale_run_64x1024_ifmap358_filter512_ofmap153,0,64x1024,358,512,153,80824,55775,19.998181652877534,20.0,20.571990224205717,4895523.571793377
scale_run_64x1024_ifmap358_filter512_ofmap153,1,64x1024,358,512,153,222663,154030,19.998545295850455,19.998564069427243,7.431524375616387,10560601.8746487
scale_run_256x256_ifmap136_filter864_ofmap24,0,256x256,136,864,24,92631,85050,19.994470438111442,20.0,6.46549786968952,4303633.324319911
scale_run_256x256_ifmap136_filter864_ofmap24,1,256x256,136,864,24,273111,260694,19.994330488886305,19.99924652837951,1.5883636070841676,11356485.385856848
scale_run_32x32_ifmap266_filter691_ofmap66,0,32x32,266,691,66,172783,60500,19.99718590751424,20.0,20.084111341632088,10381026.78259925
scale_run_32x32_ifmap266_filter691_ofmap66,1,32x32,266,691,66,216774,31015,19.997158283603298,19.99895644006922,15.447022482026846,12018630.624628274
scale_run_128x512_ifmap83_filter691_ofmap249,0,128x512,83,691,249,109132,97760,19.99077348915885,20.0,8.23137028883493,5262578.994780018
scale_run_128x512_ifmap83_filter691_ofmap249,1,128x512,83,691,249,230254,206306,19.990678927904096,19.99895644006922,3.993506121435529,10127294.260502346
scale_run_128x512_ifmap294_filter604_ofmap126,0,128x512,294,604,126,53643,42271,19.99767530677648,20.0,15.146604777302597,2958104.616550254
scale_run_128x512_ifmap294_filter604_ofmap126,1,128x512,294,604,126,743083,719135,19.997532996176144,19.998733066309462,1.1240785761994805,30555829.055148028
scale_run_256x256_ifmap153_filter512_ofmap358,0,256x256,153,512,358,90872,83291,19.995107996299094,20.0,8.45747236905334,4402982.8829603065
scale_run_256x256_ifmap153_filter512_ofmap358,1,256x256,153,512,358,228640,216223,19.994981852475114,19.998564069427243,2.692879453058538,9759824.297731059
scale_run_16x64_ifmap326_filter640_ofmap57,0,16x64,326,640,57,330974,187501,19.997775058404716,20.0,20.057811158024972,19876837.5923966
scale_run_16x64_ifmap326_filter640_ofmap57,1,16x64,326,640,57,332086,146327,19.997821730417357,19.998843611273504,20.095651285932682,19955817.05960099
scale_run_32x32_ifmap336_filter604_ofmap84,0,32x32,336,604,84,277445,165162,19.997747870466227,20.0,12.52704247426238,14572740.45719323
scale_run_32x32_ifmap336_filter604_ofmap84,1,32x32,336,604,84,746342,560583,19.997768210011436,19.998733066309462,4.487035457340136,33199931.772874042
scale_run_512x128_ifmap283_filter691_ofmap49,0,512x128,283,691,49,52202,48028,19.997584832749666,20.0,6.220297241733768,2412665.880052184
scale_run_512x128_ifmap283_filter691_ofmap49,1,512x128,283,691,49,290411,272618,19.99730716798223,19.99895644006922,0.8275083005762699,11855672.423756484
scale_run_128x512_ifmap40_filter864_ofmap120,0,128x512,40,864,120,163626,152254,19.980609637863644,20.0,5.446003725605411,7432975.038210987
scale_run_128x512_ifmap40_filter864_ofmap120,1,128x512,40,864,120,376773,352825,19.98054077555879,19.99924652837951,2.3504461337417624,15948889.043015027
scale_run_128x512_ifmap66_filter691_ofmap266,0,128x512,66,691,266,108967,97595,19.988354531724802,20.0,8.457185015483482,5278965.107840645
scale_run_128x512_ifmap66_filter691_ofmap266,1,128x512,66,691,266,398013,374065,19.988222765144396,19.99895644006922,2.36792081562623,16857880.424594533
scale_run_32x32_ifmap357_filter604_ofmap63,0,32x32,357,604,63,173620,61337,19.997933595483083,20.0,20.006470020896963,10417964.555875903
scale_run_32x32_ifmap357_filter604_ofmap63,1,32x32,357,604,63,746342,560583,19.997916232548448,19.998733066309462,4.486560066304477,33199687.444014028
scale_run_128x512_ifmap151_filter518_ofmap354,0,128x512,151,518,354,163175,151803,19.994948280009623,20.0,5.4892917225866205,7421890.862423643
scale_run_128x512_ifmap151_filter518_ofmap354,1,128x512,151,518,354,214738,190790,19.994933555693944,19.998580635431775,4.251722086940608,9501133.547879407
scale_run_256x256_ifmap404_filter518_ofmap101,0,256x256,404,518,101,54634,47053,19.998388734028325,20.0,10.240563459741542,2744754.914154423
scale_run_256x256_ifmap404_filter518_ofmap101,1,256x256,404,518,101,213723,201306,19.998281325527685,19.998580635431775,2.0109700063520326,8978039.871549714
scale_run_128x512_ifmap444_filter432_ofmap148,0,128x512,444,432,148,50113,38741,19.998592515702246,20.0,15.929263565891473,2802712.651816906
scale_run_128x512_ifmap444_filter432_ofmap148,1,128x512,444,432,148,303966,280018,19.99912029909831,19.998256416548543,2.7361119289223863,12989527.609335132
scale_run_256x256_ifmap354_filter518_ofmap151,0,256x256,354,518,151,49803,42222,19.99816119007778,20.0,12.539183937823834,2616517.3994048843
scale_run_256x256_ifmap354_filter518_ofmap151,1,256x256,354,518,151,213723,201306,19.998108657619746,19.998580635431775,2.0301956396560037,8982111.928473048
scale_run_16x64_ifmap249_filter691_ofmap83,0,16x64,249,691,83,330219,186746,19.997037475929492,20.0,20.11922369051241,19851531.64612128
scale_run_16x64_ifmap249_filter691_ofmap83,1,16x64,249,691,83,330920,145161,19.99708725899869,19.99895644006922,20.10669026676323,19889196.723972842
scale_run_16x64_ifmap268_filter640_ofmap115,0,16x64,268,640,115,328506,185033,19.99726753559035,20.0,20.132865320098748,19753109.423891004
scale_run_16x64_ifmap268_filter640_ofmap115,1,16x64,268,640,115,329304,143545,19.99726753559035,19.998843611273504,20.124143178967696,19797840.230513632
scale_run_256x256_ifmap61_filter777_ofmap185,0,256x256,61,777,185,108372,100791,19.987386778052993,20.0,6.122003920989944,4996966.888836682
scale_run_256x256_ifmap61_filter777_ofmap185,1,256x256,61,777,185,292792,280375,19.98727211470071,19.999138240574506,1.9132201326116016,12267876.609809356
scale_run_32x32_ifmap96_filter640_ofmap288,0,32x32,96,640,288,327412,215129,19.991927741051718,20.0,10.732844269514816,16607899.05352361
scale_run_32x32_ifmap96_filter640_ofmap288,1,32x32,96,640,288,669098,483339,19.99189650248861,19.998843611273504,5.111855766982814,30178056.69861467
scale_run_32x32_ifmap118_filter432_ofmap473,0,32x32,118,432,473,164244,51961,19.993504384540437,20.0,20.62330007456592,9955946.431581464
scale_run_32x32_ifmap118_filter432_ofmap473,1,32x32,118,432,473,585755,399996,19.993415969174453,19.998282245195938,5.746770949106482,26791537.004852396
scale_run_64x16_ifmap268_filter640_ofmap115,0,64x16,268,640,115,324622,210611,19.997146110056924,20.0,5.482753303964758,14763775.907578547
scale_run_64x16_ifmap268_filter640_ofmap115,1,64x16,268,640,115,627684,400453,19.9971170737348,19.998843611273504,2.704006892883873,26802086.44916167
scale_run_16x64_ifmap126_filter518_ofmap379,0,16x64,126,518,379,316226,172753,19.993984523820373,20.0,20.437634826458268,19110049.26066121
scale_run_16x64_ifmap126_filter518_ofmap379,1,16x64,126,518,379,318487,132728,19.993881726624423,19.998580635431775,20.43599956017642,19245679.5522261
scale_run_512x128_ifmap99_filter691_ofmap233,0,512x128,99,691,233,53765,49591,19.99247190407055,20.0,10.230395265271612,2700232.453359681
scale_run_512x128_ifmap99_filter691_ofmap233,1,512x128,99,691,233,292071,274278,19.992181524602703,19.99895644006922,1.5249025978592627,12125631.483139044
scale_run_256x256_ifmap63_filter604_ofmap357,0,256x256,63,604,357,108672,101091,19.987790544049712,20.0,6.879723294875744,5093186.463903707
scale_run_256x256_ifmap63_filter604_ofmap357,1,256x256,63,604,357,292627,280210,19.98767646988735,19.998792890122825,2.393408061106788,12401496.390109194
scale_run_16x64_ifmap126_filter604_ofmap294,0,16x64,126,604,294,320286,176813,19.993984523820373,20.0,20.352750996428703,19328214.532838497
scale_run_16x64_ifmap126_filter604_ofmap294,1,16x64,126,604,294,746348,560589,19.993881726624423,19.998733066309462,8.885320570960378,36479949.30297176
scale_run_64x16_ifmap40_filter864_ofmap120,0,64x16,40,864,120,543549,429538,19.980524515225788,20.0,3.2731441302330473,23510488.338570505
scale_run_64x16_ifmap40_filter864_ofmap120,1,64x16,40,864,120,4997253,4770022,19.980491802655475,19.999321872986812,0.3456379895291333,201516484.3101329
scale_run_512x128_ifmap414_filter432_ofmap177,0,512x128,414,432,177,53528,49354,19.998427648233463,20.0,8.77076411960133,2610517.2969486606
scale_run_512x128_ifmap414_filter432_ofmap177,1,512x128,414,432,177,258213,240420,19.99819523459899,19.99826717847685,1.372597675537437,10682029.1126611
scale_run_16x64_ifmap336_filter604_ofmap84,0,16x64,336,604,84,330078,186605,19.997764633824666,20.0,20.114991371807342,19841898.276827
scale_run_16x64_ifmap336_filter604_ofmap84,1,16x64,336,604,84,747194,561435,19.99790768229318,19.998733066309462,8.929609625961055,36557400.72237175
scale_run_16x64_ifmap414_filter432_ofmap177,0,16x64,414,432,177,325179,181706,19.99828471942298,20.0,20.157023047510403,19561242.824343633
scale_run_16x64_ifmap414_filter432_ofmap177,1,16x64,414,432,177,326247,140488,19.99832283357268,19.998304845317136,20.15467175140222,19624180.985234484
scale_run_16x64_ifmap37_filter777_ofmap209,0,16x64,37,777,209,324155,180682,19.979108252240366,20.0,20.241787914695532,19520904.596993107
scale_run_16x64_ifmap37_filter777_ofmap209,1,16x64,37,777,209,1198176,1012417,19.978941906109025,19.999138240574506,5.560299029135895,54562993.00736662
scale_run_32x32_ifmap379_filter518_ofmap126,0,32x32,379,518,126,171106,58823,19.99806021810423,20.0,20.228086672355047,10305055.089838926
scale_run_32x32_ifmap379_filter518_ofmap126,1,32x32,379,518,126,232182,46423,19.998032667094485,19.998580635431775,14.460563569011052,12643976.240387276
scale_run_256x256_ifmap126_filter518_ofmap379,0,256x256,126,518,379,107041,99460,19.993984523820373,20.0,6.403951749840122,4966481.496668893
scale_run_256x256_ifmap126_filter518_ofmap379,1,256x256,126,518,379,249875,237458,19.993881726624423,19.998580635431775,3.1907939754692407,10790416.17733917
scale_run_128x512_ifmap84_filter604_ofmap336,0,128x512,84,604,336,162347,150975,19.990828548893006,20.0,5.734332936212787,7423342.79162247
scale_run_128x512_ifmap84_filter604_ofmap336,1,128x512,84,604,336,743083,719135,19.99076227986933,19.998733066309462,1.1876744017620169,30598054.8278091
scale_run_512x128_ifmap354_filter518_ofmap151,0,512x128,354,518,151,46290,42116,19.99816119007778,20.0,9.395017793594306,2286410.255154181
scale_run_512x128_ifmap354_filter518_ofmap151,1,512x128,354,518,151,272333,254540,19.997864639497763,19.998580635431775,1.1197455123835491,11197295.585681336
scale_run_128x512_ifmap414_filter432_ofmap177,0,128x512,414,432,177,53889,42517,19.998427648233463,20.0,15.720871903137914,3002657.333523852
scale_run_128x512_ifmap414_filter432_ofmap177,1,128x512,414,432,177,303966,280018,19.999056559271665,19.998256416548543,2.722667109383647,12985421.466579076
scale_run_512x128_ifmap435_filter512_ofmap76,0,512x128,435,512,76,46757,42583,19.99856332160046,20.0,7.582691554627333,2224756.7342477827
scale_run_512x128_ifmap435_filter512_ofmap76,1,512x128,435,512,76,301346,283553,19.998268314974265,19.998564069427243,0.806633657104806,12295961.27774376
scale_run_256x256_ifmap197_filter777_ofmap49,0,256x256,197,777,49,54453,46872,19.99639600677551,20.0,11.43369154463864,2800522.557437155
scale_run_256x256_ifmap197_filter777_ofmap49,1,256x256,197,777,49,167003,154586,19.996152254137783,19.999138240574506,2.5847935794848573,7111001.780643147
scale_run_32x32_ifmap101_filter518_ofmap404,0,32x32,101,518,404,164306,52023,19.992389787820038,20.0,20.03589888060345,9863007.997953989
scale_run_32x32_ifmap101_filter518_ofmap404,1,32x32,101,518,404,818257,632498,19.992293493139375,19.998580635431775,4.35538185335675,36286634.38100438
scale_run_256x256_ifmap283_filter691_ofmap49,0,256x256,283,691,49,54725,47144,19.997584832749666,20.0,10.496069821651217,2763265.2509620884
scale_run_256x256_ifmap283_filter691_ofmap49,1,256x256,283,691,49,212965,200548,19.997354847242427,19.99895644006922,2.0289526981201793,8949910.34465749
scale_run_32x32_ifmap32_filter864_ofmap128,0,32x32,32,864,128,384570,272287,19.975691788644294,20.0,9.049296579230262,18853539.77663352
scale_run_32x32_ifmap32_filter864_ofmap128,1,32x32,32,864,128,2344240,2158481,19.975647983281977,19.999321872986812,1.4291967441357747,97061303.51133238
scale_run_32x32_ifmap49_filter691_ofmap283,0,32x32,49,691,283,382283,270000,19.984128771708356,20.0,9.099045162233647,18763662.98098915
scale_run_32x32_ifmap49_filter691_ofmap283,1,32x32,49,691,283,1047996,862237,19.984095510943643,19.99895644006922,3.4201729813728097,45486406.11624046
scale_run_128x512_ifmap88_filter432_ofmap503,0,128x512,88,432,503,108921,97549,19.991307890805377,20.0,8.911711453676899,5326565.770020354
scale_run_128x512_ifmap88_filter432_ofmap503,1,128x512,88,432,503,303966,280018,19.99120018479612,19.998256416548543,4.053565976008724,13387581.4007478
scale_run_16x64_ifmap444_filter432_ofmap148,0,16x64,444,432,148,327400,183927,19.998416594093896,20.0,20.210174681606237,19712292.783664223
scale_run_16x64_ifmap444_filter432_ofmap148,1,16x64,444,432,148,328427,142668,19.998436140786424,19.998304845317136,20.199686023518048,19770131.933488995
scale_run_64x16_ifmap96_filter640_ofmap288,0,64x16,96,640,288,488027,374016,19.99190746720072,20.0,3.7382776546512853,21341511.054462068
scale_run_64x16_ifmap96_filter640_ofmap288,1,64x16,96,640,288,2005749,1778518,19.991876575782328,19.998843611273504,0.908592855012784,82033756.23481607
scale_run_512x128_ifmap32_filter864_ofmap128,0,512x128,32,864,128,54601,50427,19.976002617896228,20.0,7.823908182234556,2609922.9295979408
scale_run_512x128_ifmap32_filter864_ofmap128,1,512x128,32,864,128,292652,274859,19.975707617981822,19.999321872986812,1.1399251377381503,12032373.7020003
scale_run_128x512_ifmap61_filter777_ofmap185,0,128x512,61,777,185,54008,42636,19.987569464755776,20.0,17.93443534110091,3128251.635554708
scale_run_128x512_ifmap61_filter777_ofmap185,1,128x512,61,777,185,460168,436220,19.98724744298219,19.999138240574506,1.990596461832488,19316463.91987945
scale_run_1024x64_ifmap409_filter512_ofmap102,0,1024x64,409,512,102,105864,95595,19.99826375324461,20.0,3.3823683566861176,4592447.2376857065
scale_run_1024x64_ifmap409_filter512_ofmap102,1,1024x64,409,512,102,325524,289829,19.99814982259186,19.998564069427243,0.6533263731802099,13232563.70728874
scale_run_256x256_ifmap105_filter604_ofmap315,0,256x256,105,604,315,92078,84497,19.9927747200204,20.0,7.718422346546889,4393151.603495383
scale_run_256x256_ifmap105_filter604_ofmap315,1,256x256,105,604,315,290921,278504,19.992630501535313,19.998792890122825,2.3653415071802955,12322472.401134977
scale_run_256x256_ifmap101_filter518_ofmap404,0,256x256,101,518,404,109164,101583,19.99244875943905,20.0,6.528116534972856,5078370.989799182
scale_run_256x256_ifmap101_filter518_ofmap404,1,256x256,101,518,404,292848,280431,19.992336826971655,19.998580635431775,2.7703079085217834,12522539.327424709
scale_run_512x128_ifmap249_filter691_ofmap83,0,512x128,249,691,83,51663,47489,19.99721171775613,20.0,7.157998521074686,2436179.6265687165
scale_run_512x128_ifmap249_filter691_ofmap83,1,512x128,249,691,83,287559,269766,19.996931417173837,19.99895644006922,0.9169418918861773,11764852.409829855
scale_run_512x128_ifmap84_filter604_ofmap336,0,512x128,84,604,336,54254,50080,19.991063609229503,20.0,13.560588372636003,2905391.326624131
scale_run_512x128_ifmap84_filter604_ofmap336,1,512x128,84,604,336,292976,275183,19.990774125492244,19.998792890122825,4.552424942263279,13049734.635851366
scale_run_64x1024_ifmap76_filter512_ofmap435,0,64x1024,76,512,435,65243,40194,19.99009446941209,20.0,22.015781161159897,4045449.343765408
scale_run_64x1024_ifmap76_filter512_ofmap435,1,64x1024,76,512,435,221165,152532,19.990194476221603,19.998564069427243,8.27614646672043,10674507.717060652
scale_run_256x256_ifmap99_filter691_ofmap233,0,256x256,99,691,233,107035,99454,19.99229689950205,20.0,6.149871348249172,4938826.978398052
scale_run_256x256_ifmap99_filter691_ofmap233,1,256x256,99,691,233,292158,279741,19.992181524602703,19.99895644006922,1.909186162204045,12241514.896259828
scale_run_128x512_ifmap197_filter777_ofmap49,0,128x512,197,777,49,53605,42233,19.99639600677551,20.0,15.786133555563607,2990222.4971891884
scale_run_128x512_ifmap197_filter777_ofmap49,1,128x512,197,777,49,128691,104743,19.996268830744835,19.999138240574506,6.44228695545012,5976113.281998989
scale_run_1024x64_ifmap102_filter512_ofmap409,0,1024x64,102,512,409,108131,97862,19.992528133400153,20.0,8.599348534201955,5254288.215944484
scale_run_1024x64_ifmap102_filter512_ofmap409,1,1024x64,102,512,409,327443,291748,19.99240668576132,19.998564069427243,19.997417688831504,19642777.877275262
scale_run_16x64_ifmap473_filter432_ofmap118,0,16x64,473,432,118,328255,184782,19.998531961941115,20.0,20.121708742543834,19734769.612450704
scale_run_16x64_ifmap473_filter432_ofmap118,1,16x64,473,432,118,329026,143267,19.99851361282917,19.998304845317136,20.115262278127855,19778437.476333342
scale_run_32x32_ifmap233_filter691_ofmap99,0,32x32,233,691,99,173071,60788,19.996767376846037,20.0,19.82187020078494,10352871.424198171
scale_run_32x32_ifmap233_filter691_ofmap99,1,32x32,233,691,99,236445,50686,19.996733613268407,19.99895644006922,14.169873736197177,12807176.730216555
scale_run_512x128_ifmap430_filter518_ofmap75,0,512x128,430,518,75,46257,42083,19.99854661725165,20.0,7.625748345762,2202957.0121041224
scale_run_512x128_ifmap430_filter518_ofmap75,1,512x128,430,518,75,297769,279976,19.998248180865595,19.998580635431775,0.8159778142356147,12152788.617567176
scale_run_512x128_ifmap266_filter691_ofmap66,0,512x128,266,691,66,48516,44342,19.997430579771322,20.0,6.592807845986197,2260372.0074640517
scale_run_512x128_ifmap266_filter691_ofmap66,1,512x128,266,691,66,293244,275451,19.997130301018075,19.99895644006922,0.9058104512091704,11994235.940257786
scale_run_512x128_ifmap24_filter864_ofmap136,0,512x128,24,864,136,54623,50449,19.96789668569761,20.0,8.181664506677185,2630073.4810110885
scale_run_512x128_ifmap24_filter864_ofmap136,1,512x128,24,864,136,292959,275166,19.967600566137477,19.999321872986812,1.1422611114330417,12043305.303787725
scale_run_32x32_ifmap136_filter864_ofmap24,0,32x32,136,864,24,279090,166807,19.994330488886305,20.0,12.470962709025912,14642538.67860532
scale_run_32x32_ifmap136_filter864_ofmap24,1,32x32,136,864,24,234735,48976,19.994343503599588,19.999321872986812,14.288616202040737,12741951.36635904
scale_run_64x16_ifmap315_filter604_ofmap105,0,64x16,315,604,105,380299,266288,19.997571806085467,20.0,4.679745495955223,16990739.092648774
scale_run_64x16_ifmap315_filter604_ofmap105,1,64x16,315,604,105,836031,608800,19.99754399058609,19.998733066309462,2.0637754220768003,35163507.73404773
scale_run_256x256_ifmap49_filter777_ofmap197,0,256x256,49,777,197,108578,100997,19.98425931857492,20.0,5.969903790806677,4989611.122090435
scale_run_256x256_ifmap49_filter777_ofmap197,1,256x256,49,777,197,293136,280719,19.984144428603994,19.999138240574506,1.9335743999714643,12287339.813822344
scale_run_16x64_ifmap197_filter777_ofmap49,0,16x64,197,777,49,331638,188165,19.99621584120949,20.0,20.083600445019094,19924750.113532275
scale_run_16x64_ifmap197_filter777_ofmap49,1,16x64,197,777,49,332240,146481,19.996194221559733,19.999138240574506,20.059806202480033,19952719.269931447
scale_run_128x512_ifmap101_filter518_ofmap404,0,128x512,101,518,404,109292,97920,19.99244875943905,20.0,8.861313126176066,5339325.344002647
scale_run_128x512_ifmap101_filter518_ofmap404,1,128x512,101,518,404,214738,190790,19.992374900714854,19.998580635431775,4.968614660749612,9654528.184941104
scale_run_32x32_ifmap126_filter604_ofmap294,0,32x32,126,604,294,169556,57273,19.993923779895002,20.0,20.37073646922659,10235190.33320006
scale_run_32x32_ifmap126_filter604_ofmap294,1,32x32,126,604,294,746342,560583,19.9938363359912,19.998733066309462,4.522795760852372,33223686.666597962
scale_run_32x32_ifmap172_filter777_ofmap74,0,32x32,172,777,74,220238,107955,19.995550490581117,20.0,15.650445716851914,12255362.912732635
scale_run_32x32_ifmap172_filter777_ofmap74,1,32x32,172,777,74,440719,254960,19.995505097627916,19.999138240574506,7.617569506113806,20983606.8325342
scale_run_128x512_ifmap503_filter432_ofmap88,0,128x512,503,432,88,105894,94522,19.998619511479625,20.0,8.05740047163268,5088844.180091695
scale_run_128x512_ifmap503_filter432_ofmap88,1,128x512,503,432,88,306180,282232,19.99922345175694,19.998256416548543,2.712385492160773,13076906.576067558
scale_run_256x256_ifmap177_filter432_ofmap414,0,256x256,177,432,414,51215,43634,19.995955510616785,20.0,18.371026411513522,2989264.9791419036
scale_run_256x256_ifmap177_filter432_ofmap414,1,256x256,177,432,414,301305,288888,19.995674403716553,19.998256416548543,3.836614086151832,13206362.333027951
scale_run_16x64_ifmap49_filter777_ofmap197,0,16x64,49,777,197,325097,181624,19.98425931857492,20.0,20.266994577635096,19587501.887896188
scale_run_16x64_ifmap49_filter777_ofmap197,1,16x64,49,777,197,366352,180593,19.984155592085717,19.999138240574506,19.0268529471984,21618485.293094765
scale_run_128x512_ifmap102_filter512_ofmap409,0,128x512,102,512,409,53290,41918,19.992710307625018,20.0,20.910138248847925,3245512.799574443
scale_run_128x512_ifmap102_filter512_ofmap409,1,128x512,102,512,409,214161,190213,19.99245077274729,19.998564069427243,4.2216333267713555,9468624.94450962
scale_run_512x128_ifmap151_filter518_ofmap354,0,512x128,151,518,354,54549,50375,19.995172746707123,20.0,13.688427999057271,2928386.737080702
scale_run_512x128_ifmap151_filter518_ofmap354,1,512x128,151,518,354,290554,272761,19.99489606690916,19.998580635431775,4.859089279311581,13032092.456233066
scale_run_64x16_ifmap288_filter640_ofmap96,0,64x16,288,640,96,378433,264422,19.997339919206567,20.0,4.693636760356225,16912540.377776988
scale_run_64x16_ifmap288_filter640_ofmap96,1,64x16,288,640,96,667954,440723,19.997317568584556,19.998843611273504,2.7801528772942814,28572610.07973114
scale_run_16x64_ifmap115_filter640_ofmap268,0,16x64,115,640,268,320712,177239,19.993392313057523,20.0,20.239509345227994,19317414.356632065
scale_run_16x64_ifmap115_filter640_ofmap268,1,16x64,115,640,268,322246,136487,19.993366710362146,19.998843611273504,20.24331356650127,19410656.63085657
scale_run_256x256_ifmap503_filter432_ofmap88,0,256x256,503,432,88,90929,83348,19.998641080147152,20.0,6.168803033038454,4197959.525767854
scale_run_256x256_ifmap503_filter432_ofmap88,1,256x256,503,432,88,301708,289291,19.99922345175694,19.998256416548543,1.4277000760376173,12498308.190647868
scale_run_512x128_ifmap88_filter432_ofmap503,0,512x128,88,432,503,54511,50337,19.99148165894692,20.0,70.34883720930233,6014761.121827135
scale_run_512x128_ifmap88_filter432_ofmap503,1,512x128,88,432,503,291226,273433,19.991195110214697,19.99826717847685,19.99926212875853,17470276.25719632
scale_run_256x256_ifmap74_filter777_ofmap172,0,256x256,74,777,172,93468,85887,19.98966233821032,20.0,7.017204716798763,4393637.84989759
scale_run_256x256_ifmap74_filter777_ofmap172,1,256x256,74,777,172,292502,280085,19.98951949611915,19.999138240574506,1.7419023136246787,12206272.275838213
scale_run_32x32_ifmap128_filter864_ofmap32,0,32x32,128,864,32,173899,61616,19.99402070787497,20.0,19.966717086642145,10427112.341728732
scale_run_32x32_ifmap128_filter864_ofmap32,1,32x32,128,864,32,316130,130371,19.993962254557704,19.999321872986812,10.609968665558755,15997206.305483736
scale_run_256x256_ifmap336_filter604_ofmap84,0,256x256,336,604,84,54198,46617,19.998007306542675,20.0,10.294254218063235,2725739.990110591
scale_run_256x256_ifmap336_filter604_ofmap84,1,256x256,336,604,84,218267,205850,19.99790768229318,19.998792890122825,1.9800079438633655,9162130.237722749
scale_run_16x64_ifmap128_filter864_ofmap32,0,16x64,128,864,32,332198,188725,19.994078115046076,20.0,20.062389989246732,19950638.591309864
scale_run_16x64_ifmap128_filter864_ofmap32,1,16x64,128,864,32,332659,146900,19.993994022622516,19.999321872986812,20.045619869375038,19972492.332643934
scale_run_16x64_ifmap354_filter518_ofmap151,0,16x64,354,518,151,326923,183450,19.997977327682108,20.0,20.176718473877383,19672492.075533234
scale_run_16x64_ifmap354_filter518_ofmap151,1,16x64,354,518,151,327942,142183,19.998014099890774,19.998580635431775,20.16834112536888,19730609.39602687
scale_run_256x256_ifmap430_filter518_ofmap75,0,256x256,430,518,75,53886,46305,19.99854661725165,20.0,10.54379946271691,2723524.860865186
scale_run_256x256_ifmap430_filter518_ofmap75,1,256x256,430,518,75,214532,202115,19.99844281228102,19.998580635431775,2.0128026654044975,9012452.015699279
scale_run_256x256_ifmap76_filter512_ofmap435,0,256x256,76,512,435,107643,100062,19.98991112619347,20.0,6.979906985687332,5055972.131017185
scale_run_256x256_ifmap76_filter512_ofmap435,1,256x256,76,512,435,292544,280127,19.989795779534415,19.998564069427243,3.024373064799576,12583116.937523367
scale_run_128x512_ifmap37_filter777_ofmap209,0,128x512,37,777,209,163881,152509,19.979046876522755,20.0,5.548620487606043,7461119.655300792
scale_run_128x512_ifmap37_filter777_ofmap209,1,128x512,37,777,209,502667,478719,19.97896490638588,19.999138240574506,1.8949471971796201,21048200.597337823
scale_run_1024x64_ifmap153_filter512_ofmap358,0,1024x64,153,512,358,106867,96598,19.995077618661295,20.0,4.810017557226621,4788186.106161615
scale_run_1024x64_ifmap153_filter512_ofmap358,1,1024x64,153,512,358,326050,290355,19.994956109033122,19.998564069427243,19.997417688831504,19560045.291630514
scale_run_128x512_ifmap153_filter512_ofmap358,0,128x512,153,512,358,106977,95605,19.995077618661295,20.0,8.54528155682632,5192702.0035161385
scale_run_128x512_ifmap153_filter512_ofmap358,1,128x512,153,512,358,214161,190213,19.995014037857697,19.998564069427243,4.28035804762709,9481750.440872114
scale_run_128x512_ifmap128_filter864_ofmap32,0,128x512,128,864,32,54563,43191,19.99425751458053,20.0,15.837955222795667,3046373.0235894574
scale_run_128x512_ifmap128_filter864_ofmap32,1,128x512,128,864,32,209248,185300,19.993994022622516,19.99924652837951,3.9909126469241336,9203596.088359654
scale_run_256x256_ifmap384_filter512_ofmap128,0,256x256,384,512,128,89382,81801,19.998169224666647,20.0,7.058073688815438,4205981.104092856
scale_run_256x256_ifmap384_filter512_ofmap128,1,256x256,384,512,128,212259,199842,19.998256396844077,19.998564069427243,2.0153120498164414,8917453.235732272
scale_run_512x128_ifmap118_filter432_ofmap473,0,512x128,118,432,473,52008,47834,19.993749425498667,20.0,97.02639492148346,7126143.667197847
scale_run_512x128_ifmap118_filter432_ofmap473,1,512x128,118,432,473,290606,272813,19.99345007215155,19.99826717847685,19.99926212875853,17433738.55352612
scale_run_512x128_ifmap357_filter604_ofmap63,0,512x128,357,604,63,48970,44796,19.998176679733795,20.0,7.042334456756298,2303573.83035392
scale_run_512x128_ifmap357_filter604_ofmap63,1,512x128,357,604,63,265736,247943,19.997884979342082,19.998792890122825,0.9065527232286575,10869460.884780016
scale_run_32x32_ifmap84_filter604_ofmap336,0,32x32,84,604,336,218806,106523,19.990797392290766,20.0,15.76833522616726,12200432.771714326
scale_run_32x32_ifmap84_filter604_ofmap336,1,32x32,84,604,336,746342,560583,19.99073707922567,19.998733066309462,4.6463548271058475,33313590.881730817
scale_run_512x128_ifmap126_filter604_ofmap294,0,512x128,126,604,294,52251,48077,19.994166757811076,20.0,10.828144226108355,2655516.571220774
scale_run_512x128_ifmap126_filter604_ofmap294,1,512x128,126,604,294,290905,273112,19.993870378946795,19.998792890122825,2.307705406555981,12305388.749582866
scale_run_64x16_ifmap74_filter777_ofmap172,0,64x16,74,777,172,489531,375520,19.989492183284018,20.0,3.662512428033018,21369009.46938264
scale_run_64x16_ifmap74_filter777_ofmap172,1,64x16,74,777,172,1674254,1447023,19.989463403225297,19.999138240574506,1.0464648815433615,68703124.2703219
scale_run_32x32_ifmap99_filter691_ofmap233,0,32x32,99,691,233,169766,57483,19.992234847335887,20.0,20.338303782988806,10242074.221115703
scale_run_32x32_ifmap99_filter691_ofmap233,1,32x32,99,691,233,461298,275539,19.9921568797381,19.99895644006922,7.700488673951123,22000040.616516784
scale_run_32x32_ifmap57_filter640_ofmap326,0,32x32,57,640,326,165368,53085,19.986432888633573,20.0,20.135288951546737,9942208.897266937
scale_run_32x32_ifmap57_filter640_ofmap326,1,32x32,57,640,326,1780213,1594454,19.986321968288976,19.998843611273504,2.0311785834849196,74798042.09153108
scale_run_128x512_ifmap112_filter864_ofmap48,0,128x512,112,864,48,54673,43301,19.993395707209686,20.0,15.588912938482729,3038851.560585941
scale_run_128x512_ifmap112_filter864_ofmap48,1,128x512,112,864,48,210557,186609,19.99312439122214,19.99924652837951,3.958899442054602,9254247.633539256
scale_run_64x16_ifmap294_filter604_ofmap126,0,64x16,294,604,126,432496,318485,19.997389051882287,20.0,4.117708225018197,19079603.111870352
scale_run_64x16_ifmap294_filter604_ofmap126,1,64x16,294,604,126,747241,520010,19.997382899628253,19.998733066309462,2.2633837960131418,31578030.861619923
scale_run_128x512_ifmap233_filter691_ofmap99,0,128x512,233,691,99,54455,43083,19.996982852545298,20.0,15.38543984179115,3015849.8278200915
scale_run_128x512_ifmap233_filter691_ofmap99,1,128x512,233,691,99,213093,189145,19.996781741748183,19.99895644006922,3.8809017853828736,9349804.840530608
scale_run_16x64_ifmap61_filter777_ofmap185,0,16x64,61,777,185,325093,181620,19.987386778052993,20.0,20.195505067608426,19565036.858781606
scale_run_16x64_ifmap61_filter777_ofmap185,1,16x64,61,777,185,387096,201337,19.987256936641593,19.999138240574506,17.06057608216195,22082654.386620205
scale_run_32x32_ifmap76_filter640_ofmap307,0,32x32,76,640,307,165858,53575,19.989850012534625,20.0,20.84189153629013,10089430.989804976
scale_run_32x32_ifmap76_filter640_ofmap307,1,32x32,76,640,307,439452,253693,19.989773215369265,19.998843611273504,8.114486412015252,21139004.924434744
scale_run_16x64_ifmap307_filter640_ofmap76,0,16x64,307,640,76,330207,186734,19.99763750193089,20.0,20.073209874317037,19835814.299568698
scale_run_16x64_ifmap307_filter640_ofmap76,1,16x64,307,640,76,330809,145050,19.99763750193089,19.998843611273504,20.064585682412496,19868741.44559123
scale_run_16x64_ifmap288_filter640_ofmap96,0,16x64,288,640,96,329020,185547,19.997468560424558,20.0,20.0679628277584,19762728.23533996
scale_run_16x64_ifmap288_filter640_ofmap96,1,16x64,288,640,96,330747,144988,19.997513759083255,19.998843611273504,20.148114020031198,19892603.478956647
scale_run_64x16_ifmap76_filter640_ofmap307,0,64x16,76,640,307,325726,211715,19.989788899249454,20.0,5.903158921819734,14948526.32196558
scale_run_64x16_ifmap76_filter640_ofmap307,1,64x16,76,640,307,814979,587748,19.98975228979936,19.998843611273504,2.1776767511072577,34364626.7198011
scale_run_16x64_ifmap101_filter518_ofmap404,0,16x64,101,518,404,315560,172087,19.99244875943905,20.0,20.519824884792627,19095253.071173746
scale_run_16x64_ifmap101_filter518_ofmap404,1,16x64,101,518,404,317988,132229,19.99235490424303,19.998580635431775,20.51397937815605,19239836.8848912
scale_run_16x64_ifmap76_filter640_ofmap307,0,16x64,76,640,307,319325,175852,19.989850012534625,20.0,20.331896538603203,19262241.717442088
scale_run_16x64_ifmap76_filter640_ofmap307,1,16x64,76,640,307,321238,135479,19.989833631617405,19.998843611273504,20.328348595421982,19376120.746247955
scale_run_128x512_ifmap473_filter432_ofmap118,0,128x512,473,432,118,52185,40813,19.99867875604882,20.0,15.6858639686026,2905897.8620859343
scale_run_128x512_ifmap473_filter432_ofmap118,1,128x512,473,432,118,303966,280018,19.99917420207275,19.998256416548543,2.7150879334185944,12983153.414189357
scale_run_16x64_ifmap49_filter691_ofmap283,0,16x64,49,691,283,321544,178071,19.98425931857492,20.0,20.41563633807208,19421224.049020905
scale_run_16x64_ifmap49_filter691_ofmap283,1,16x64,49,691,283,366718,180959,19.984155592085717,19.99895644006922,18.99167766565902,21627116.928402938
scale_run_128x128_ifmap480_filter64_ofmap480,0,128x128,480,64,480,10220,0,9.879110061035638,3.4174757281553396,103.65536521532239,1195248.9392661266
scale_run_128x128_ifmap480_filter64_ofmap480,1,128x128,480,64,480,27161,0,9.43118732742334,29.432335329341317,41.92456896551724,2194285.3565527988
scale_run_32x32_ifmap63_filter604_ofmap357,0,32x32,63,604,357,166074,53791,19.987731039855717,20.0,20.860110977427407,10105244.515178278
scale_run_32x32_ifmap63_filter604_ofmap357,1,32x32,63,604,357,1171616,985857,19.98762548399292,19.998733066309462,2.9781645704844246,50337922.72068375
scale_run_256x256_ifmap112_filter864_ofmap48,0,256x256,112,864,48,92435,84854,19.99324010308843,20.0,6.356711321250328,4284357.7599087525
scale_run_256x256_ifmap112_filter864_ofmap48,1,256x256,112,864,48,271246,258829,19.99310228431797,19.99924652837951,1.6050082150416674,11283116.704346132
scale_run_32x32_ifmap430_filter518_ofmap75,0,32x32,430,518,75,173118,60835,19.998304407329805,20.0,19.89040650220888,10367813.85523752
scale_run_32x32_ifmap430_filter518_ofmap75,1,32x32,430,518,75,232182,46423,19.998290159870052,19.998580635431775,14.527081189288243,12659480.219686091
scale_run_16x64_ifmap233_filter691_ofmap99,0,16x64,233,691,99,328959,185486,19.9968240805272,20.0,20.086861985588662,19765069.28462341
scale_run_16x64_ifmap233_filter691_ofmap99,1,16x64,233,691,99,329679,143920,19.996871123825276,19.99895644006922,20.074786600459053,19804020.007089913
scale_run_16x64_ifmap315_filter604_ofmap105,0,16x64,315,604,105,329167,185694,19.997697260625813,20.0,20.14227598144764,19796094.57217359
scale_run_16x64_ifmap315_filter604_ofmap105,1,16x64,315,604,105,748364,562605,19.997710884743046,19.998733066309462,8.91167221839676,36601073.44903374
scale_run_128x256_ifmap358_filter128_ofmap537,0,128x256,358,128,537,10604,0,9.778990450204638,9.852417302798981,114.34916677601365,1420730.0123056993
scale_run_128x256_ifmap358_filter128_ofmap537,1,128x256,358,128,537,17036,0,9.837198726693952,39.40391039059369,72.80541293185972,2079184.5496292743
scale_run_128x512_ifmap357_filter604_ofmap63,0,128x512,357,604,63,54198,42826,19.998176679733795,20.0,15.787979270855983,3023498.080210065
scale_run_128x512_ifmap357_filter604_ofmap63,1,128x512,357,604,63,743083,719135,19.998249606161387,19.998733066309462,1.1252169117152504,30557207.43361576
scale_run_512x128_ifmap49_filter691_ofmap283,0,512x128,49,691,283,54444,50270,19.984438050775385,20.0,14.127949404037947,2946094.822589857
scale_run_512x128_ifmap49_filter691_ofmap283,1,512x128,49,691,283,293008,275215,19.984144428603994,19.99895644006922,2.2980446187271473,12388713.876972206
scale_run_256x256_ifmap209_filter777_ofmap37,0,256x256,209,777,37,92262,84681,19.996470649296725,20.0,6.24301324823518,4266147.263354088
scale_run_256x256_ifmap209_filter777_ofmap37,1,256x256,209,777,37,209246,196829,19.996356485222744,19.999138240574506,2.063174311839359,8800608.26144931
scale_run_32x32_ifmap61_filter777_ofmap185,0,32x32,61,777,185,168629,56346,19.987325883227513,20.0,20.216369078695486,10152088.877734113
scale_run_32x32_ifmap61_filter777_ofmap185,1,32x32,61,777,185,878906,693147,19.987226808247573,19.999138240574506,4.0132666820219,38671540.32602916
scale_run_16x64_ifmap379_filter518_ofmap126,0,16x64,379,518,126,327916,184443,19.99811072848592,20.0,20.130623611709712,19717174.049899593
scale_run_16x64_ifmap379_filter518_ofmap126,1,16x64,379,518,126,328759,143000,19.99816797389363,19.998580635431775,20.12672552529066,19766133.233022243
scale_run_512x128_ifmap384_filter512_ofmap128,0,512x128,384,512,128,49917,45743,19.998304826159924,20.0,7.085691977357017,2350291.868441155
scale_run_512x128_ifmap384_filter512_ofmap128,1,512x128,384,512,128,266111,248318,19.998038467825424,19.998564069427243,1.151811657715946,10950045.649837293
scale_run_512x128_ifmap473_filter432_ofmap118,0,512x128,473,432,118,49237,45063,19.99867875604882,20.0,7.4023093981800105,2333882.4537497647
scale_run_512x128_ifmap473_filter432_ofmap118,1,512x128,473,432,118,258213,240420,19.998435388045497,19.99826717847685,1.2709145365773602,10655835.215042684
scale_run_64x16_ifmap105_filter604_ofmap315,0,64x16,105,604,315,433982,319971,19.992608185630957,20.0,4.249222057475077,19200157.972563643
scale_run_64x16_ifmap105_filter604_ofmap315,1,64x16,105,604,315,1148289,921058,19.992579662192163,19.998733066309462,1.6155627735104277,47776717.46332992
scale_run_128x512_ifmap209_filter777_ofmap37,0,128x512,209,777,37,54311,42939,19.996602741587537,20.0,15.651267221094606,3022291.46554323
scale_run_128x512_ifmap209_filter777_ofmap37,1,128x512,209,777,37,128376,104428,19.996449892095406,19.999138240574506,6.48545774565981,5967050.745676456
scale_run_32x32_ifmap185_filter777_ofmap61,0,32x32,185,777,61,172854,60571,19.995898524675198,20.0,20.00215219150487,10370903.05849459
scale_run_32x32_ifmap185_filter777_ofmap61,1,32x32,185,777,61,356476,170717,19.99583346064426,19.999138240574506,9.427800870802745,17618032.27538394
scale_run_128x512_ifmap409_filter512_ofmap102,0,128x512,409,512,102,53369,41997,19.998408428960225,20.0,15.310120020384135,2951760.854813059
scale_run_128x512_ifmap409_filter512_ofmap102,1,128x512,409,512,102,215542,191594,19.998408428960225,19.998564069427243,3.8581028725347304,9452610.655599311
scale_run_512x128_ifmap148_filter432_ofmap444,0,512x128,148,432,444,53584,49410,19.99507467149818,20.0,38.96417549979874,4230952.461178775
scale_run_512x128_ifmap148_filter432_ofmap444,1,512x128,148,432,444,292224,274431,19.994790591944362,19.99826717847685,19.99926212875853,17531195.6902179
scale_run_64x16_ifmap414_filter432_ofmap177,0,64x16,414,432,177,375492,261481,19.998165613641547,20.0,4.7927910085656285,16818645.883985817
scale_run_64x16_ifmap414_filter432_ofmap177,1,64x16,414,432,177,341348,114117,19.99817037784556,19.998304845317136,5.103161285992348,15394670.723127058
scale_run_128x512_ifmap32_filter864_ofmap128,0,128x512,32,864,128,109097,97725,19.975822404571762,20.0,8.288302001674404,5265471.180348237
scale_run_128x512_ifmap32_filter864_ofmap128,1,128x512,32,864,128,544148,520200,19.975676162271597,19.99924652837951,1.665024905137506,22658294.204353184
scale_run_32x32_ifmap88_filter432_ofmap503,0,32x32,88,432,503,164149,51866,19.99124838186227,20.0,20.307962611158377,9898055.185293347
scale_run_32x32_ifmap88_filter432_ofmap503,1,32x32,88,432,503,857699,671940,19.991150164245965,19.998282245195938,4.101473653237869,37816726.03905438
scale_run_256x256_ifmap435_filter512_ofmap76,0,256x256,435,512,76,52908,45327,19.99856332160046,20.0,10.42978990842162,2668063.312694008
scale_run_256x256_ifmap435_filter512_ofmap76,1,256x256,435,512,76,214104,201687,19.99856332160046,19.998564069427243,2.0191750849588006,8995858.425318616
scale_run_512x128_ifmap101_filter518_ofmap404,0,512x128,101,518,404,52353,48179,19.992637043036485,20.0,23.310322684218974,3314099.850601005
scale_run_512x128_ifmap101_filter518_ofmap404,1,512x128,101,518,404,292720,274927,19.992336826971655,19.998580635431775,337.21928460342144,110416970.34870826
scale_run_64x16_ifmap354_filter518_ofmap151,0,64x16,354,518,151,321350,207339,19.9978547546299,20.0,5.581109303130085,14646800.09996117
scale_run_64x16_ifmap354_filter518_ofmap151,1,64x16,354,518,151,482554,255323,19.997834325933947,19.998580635431775,3.5463588795508705,21011739.688029665
scale_run_512x128_ifmap444_filter432_ofmap148,0,512x128,444,432,148,46433,42259,19.998592515702246,20.0,7.7061883027279485,2215076.0877421694
scale_run_512x128_ifmap444_filter432_ofmap148,1,512x128,444,432,148,263360,245567,19.998313974585,19.99826717847685,1.3072878985192689,10877786.953424405
scale_run_16x64_ifmap120_filter864_ofmap40,0,16x64,120,864,40,331965,188492,19.99367243078091,20.0,20.07314632269853,19940081.4874988
scale_run_16x64_ifmap120_filter864_ofmap40,1,16x64,120,864,40,332434,146675,19.993677594510665,19.999321872986812,20.05609894276799,19962361.98091819
scale_run_256x256_ifmap32_filter864_ofmap128,0,256x256,32,864,128,108929,101348,19.975822404571762,20.0,5.746910343053343,4980531.555466055
scale_run_256x256_ifmap32_filter864_ofmap128,1,256x256,32,864,128,292780,280363,19.975707617981822,19.99924652837951,1.7544390547817186,12217531.74143066
scale_run_512x128_ifmap233_filter691_ofmap99,0,512x128,233,691,99,54161,49987,19.996982852545298,20.0,6.624843161856964,2525084.718766041
scale_run_512x128_ifmap233_filter691_ofmap99,1,512x128,233,691,99,292764,274971,19.996714705714737,19.99895644006922,1.0049172502328858,12003496.261171475
scale_run_512x128_ifmap66_filter691_ofmap266,0,512x128,66,691,266,54533,50359,19.988530877029497,20.0,12.46940615741337,2860688.6802992728
scale_run_512x128_ifmap66_filter691_ofmap266,1,512x128,66,691,266,292894,275101,19.988240612031962,19.99895644006922,1.8433549549855903,12251917.699563673
scale_run_32x32_ifmap197_filter777_ofmap49,0,32x32,197,777,49,172759,60476,19.99615578674227,20.0,20.004149949201867,10365592.818635974
scale_run_32x32_ifmap197_filter777_ofmap49,1,32x32,197,777,49,279790,94031,19.99610774342821,19.999138240574506,11.999612615811731,14547641.487642085
scale_run_256x256_ifmap414_filter432_ofmap177,0,256x256,414,432,177,53761,46180,19.998427648233463,20.0,11.79064149411287,2784232.146161681
scale_run_256x256_ifmap414_filter432_ofmap177,1,256x256,414,432,177,301305,288888,19.99832283357268,19.998256416548543,1.4346860929430876,12483447.404191991
scale_run_512x128_ifmap102_filter512_ofmap409,0,512x128,102,512,409,52842,48668,19.992710307625018,20.0,23.46856311621141,3353420.6102623646
scale_run_512x128_ifmap102_filter512_ofmap409,1,512x128,102,512,409,293021,275228,19.99241367164745,19.998564069427243,439.82150101419876,140595132.33734897
scale_run_32x32_ifmap249_filter691_ofmap83,0,32x32,249,691,83,171291,59008,19.99698386367064,20.0,20.013133412964578,10279192.998432122
scale_run_32x32_ifmap249_filter691_ofmap83,1,32x32,249,691,83,234235,48476,19.996948001576865,19.99895644006922,14.332323695360664,12725572.517671777
scale_run_256x256_ifmap48_filter864_ofmap112,0,256x256,48,864,112,108797,101216,19.983922388986837,20.0,5.781347985785529,4979124.12096411
scale_run_256x256_ifmap48_filter864_ofmap112,1,256x256,48,864,112,292028,279611,19.983808102097772,19.99924652837951,1.613321329454394,12147306.478826927
scale_run_512x128_ifmap172_filter777_ofmap74,0,512x128,172,777,74,53399,49225,19.995808885163452,20.0,7.013645694964376,2510257.865124246
scale_run_512x128_ifmap172_filter777_ofmap74,1,512x128,172,777,74,291229,273436,19.995527455325377,19.999138240574506,0.9051525132225436,11911213.157224515
scale_run_512x128_ifmap336_filter604_ofmap84,0,512x128,336,604,84,52239,48065,19.998007306542675,20.0,6.466697842207228,2427269.732265546
scale_run_512x128_ifmap336_filter604_ofmap84,1,512x128,336,604,84,292913,275120,19.997741644083106,19.998792890122825,0.8993409401039398,11978933.572806528
scale_run_64x1024_ifmap128_filter512_ofmap384,0,64x1024,128,512,384,68342,43293,19.99425751458053,20.0,21.77377753895755,4221351.051628899
scale_run_64x1024_ifmap128_filter512_ofmap384,1,64x1024,128,512,384,221165,152532,19.99408932742266,19.998564069427243,7.664120703400625,10540010.443881908
scale_run_64x16_ifmap112_filter864_ofmap48,0,64x16,112,864,48,379781,265770,19.99308132586955,20.0,4.617586261726824,16942283.94708494
scale_run_64x16_ifmap112_filter864_ofmap48,1,64x16,112,864,48,1779690,1552459,19.993040151589987,19.999321872986812,0.9420988246744031,72850650.62880388
scale_run_256x256_ifmap128_filter864_ofmap32,0,256x256,128,864,32,93699,86118,19.99410904577061,20.0,6.349142688537489,4342316.344252935
scale_run_256x256_ifmap128_filter864_ofmap32,1,256x256,128,864,32,269877,257460,19.993972205988833,19.99924652837951,1.60476315526673,11226338.558429044
scale_run_128x512_ifmap384_filter512_ofmap128,0,128x512,384,512,128,53097,41725,19.998304826159924,20.0,15.461315966923378,2944739.485250344
scale_run_128x512_ifmap384_filter512_ofmap128,1,128x512,384,512,128,214616,190668,19.99837262759617,19.998564069427243,3.831971925838033,9406385.053004032
scale_run_16x64_ifmap430_filter518_ofmap75,0,16x64,430,518,75,330045,186572,19.998364959260236,20.0,20.051452399250685,19819141.970089737
scale_run_16x64_ifmap430_filter518_ofmap75,1,16x64,430,518,75,331416,145657,19.99838514331853,19.998580635431775,20.107813997938386,19919685.69447106
scale_run_256x256_ifmap233_filter691_ofmap99,0,256x256,233,691,99,54327,46746,19.996982852545298,20.0,11.207969126869271,2781811.4261856554
scale_run_256x256_ifmap233_filter691_ofmap99,1,256x256,233,691,99,212965,200548,19.996781741748183,19.99895644006922,2.0144272529228426,8946694.881809456
scale_run_512x128_ifmap75_filter518_ofmap430,0,512x128,75,518,430,54248,50074,19.98994758382997,20.0,29.86006580300226,3789223.526208875
scale_run_512x128_ifmap75_filter518_ofmap430,1,512x128,75,518,430,292392,274599,19.989656768012193,19.998580635431775,19.99926212875853,17539864.963219754
scale_run_32x32_ifmap120_filter864_ofmap40,0,32x32,120,864,40,174035,61752,19.99361218746422,20.0,19.97008057214244,10435781.269418145
scale_run_32x32_ifmap120_filter864_ofmap40,1,32x32,120,864,40,419275,233516,19.99353919239905,19.999321872986812,7.994864343632527,20120053.570866186
scale_run_512x128_ifmap105_filter604_ofmap315,0,512x128,105,604,315,54235,50061,19.99291634199901,20.0,11.337406308557151,2783900.048952913
scale_run_512x128_ifmap105_filter604_ofmap315,1,512x128,105,604,315,290895,273102,19.992630501535313,19.998792890122825,3.200422096609944,12564291.893309742
scale_run_256x256_ifmap151_filter518_ofmap354,0,256x256,151,518,354,93374,85793,19.995034859424457,20.0,8.090714066809685,4489958.720238187
scale_run_256x256_ifmap151_filter518_ofmap354,1,256x256,151,518,354,213723,201306,19.994933555693944,19.998580635431775,3.0193976021054683,9192848.54718475
scale_run_128x128_ifmap384_filter64_ofmap576,0,128x128,384,64,576,10220,0,9.815976524290837,3.4174757281553396,100.56867497691597,1163057.7402840813
scale_run_128x128_ifmap384_filter64_ofmap576,1,128x128,384,64,576,27161,0,9.707703814510097,29.432335329341317,43.473779949067094,2243873.9403827596
scale_run_128x512_ifmap430_filter518_ofmap75,0,128x512,430,518,75,52448,41076,19.99854661725165,20.0,15.844241575587844,2928842.555138046
scale_run_128x512_ifmap430_filter518_ofmap75,1,128x512,430,518,75,214838,190890,19.999091611027843,19.998580635431775,3.8546484299394463,9421144.869476222
scale_run_512x128_ifmap136_filter864_ofmap24,0,512x128,136,864,24,54243,50069,19.994616613131875,20.0,6.032704846546784,2496659.9979373496
scale_run_512x128_ifmap136_filter864_ofmap24,1,512x128,136,864,24,292956,275163,19.994325359562783,19.999321872986812,0.7560155185214879,11937858.200902779
scale_run_512x128_ifmap153_filter512_ofmap358,0,512x128,153,512,358,51593,47419,19.99525988587264,20.0,16.449529851591706,2912156.0369249983
scale_run_512x128_ifmap153_filter512_ofmap358,1,512x128,153,512,358,290442,272649,19.994963399569166,19.998564069427243,4.8155995291713865,13014452.46360185
scale_run_256x256_ifmap126_filter604_ofmap294,0,256x256,126,604,294,107041,99460,19.993984523820373,20.0,6.18405221520672,4942943.230582199
scale_run_256x256_ifmap126_filter604_ofmap294,1,256x256,126,604,294,249875,237458,19.993881726624423,19.998792890122825,2.340776725231425,10578071.15407692
scale_run_512x128_ifmap40_filter864_ofmap120,0,512x128,40,864,120,53805,49631,19.980855607098153,20.0,7.531222446968518,2556387.3596990574
scale_run_512x128_ifmap40_filter864_ofmap120,1,512x128,40,864,120,292484,274691,19.980555963008573,19.999321872986812,1.01312832588149,11989798.414250394
scale_run_64x1024_ifmap435_filter512_ofmap76,0,64x1024,435,512,76,83558,58509,19.99856332160046,20.0,20.15780096716722,5026545.487240849
scale_run_64x1024_ifmap435_filter512_ofmap76,1,64x1024,435,512,76,224026,155393,19.99910205181161,19.998564069427243,7.39033764351948,10616144.93140375
scale_run_512x128_ifmap128_filter512_ofmap384,0,512x128,128,512,384,53017,48843,19.99425751458053,20.0,19.32264289041187,3144804.108771482
scale_run_512x128_ifmap128_filter512_ofmap384,1,512x128,128,512,384,292135,274342,19.993966490293847,19.998564069427243,9.015133876600698,14316854.050104866
scale_run_1024x64_ifmap76_filter512_ofmap435,0,1024x64,76,512,435,108081,97812,19.98991112619347,20.0,11.270966740404393,5540326.940699764
scale_run_1024x64_ifmap76_filter512_ofmap435,1,1024x64,76,512,435,327863,292168,19.989788537633494,19.998564069427243,19.997417688831504,19667114.606522117
scale_run_16x64_ifmap404_filter518_ofmap101,0,16x64,404,518,101,329470,185997,19.998242268177144,20.0,20.142279426177847,19814497.682639137
scale_run_16x64_ifmap404_filter518_ofmap101,1,16x64,404,518,101,330254,144495,19.998281325527685,19.998580635431775,20.129547396416235,19856987.195910756
scale_run_16x64_ifmap266_filter691_ofmap66,0,16x64,266,691,66,330681,187208,19.997247075017206,20.0,20.064586869339262,19861307.31055374
scale_run_16x64_ifmap266_filter691_ofmap66,1,16x64,266,691,66,331231,145472,19.997247075017206,19.99895644006922,20.058128380079864,19891856.407967824
scale_run_512x128_ifmap409_filter512_ofmap102,0,512x128,409,512,102,52934,48760,19.998408428960225,20.0,6.662536994975566,2469950.4850706174
scale_run_512x128_ifmap409_filter512_ofmap102,1,512x128,409,512,102,213396,195603,19.99818562922856,19.998564069427243,1.3457795431976167,8822330.370094553
scale_run_64x16_ifmap83_filter691_ofmap249,0,64x16,83,691,249,380844,266833,19.990644900817657,20.0,4.845585883727074,17075609.476909153
scale_run_64x16_ifmap83_filter691_ofmap249,1,64x16,83,691,249,8158330,7931099,19.990595112228107,19.99895644006922,0.21622297994807144,328011976.5396536
scale_run_16x64_ifmap84_filter604_ofmap336,0,16x64,84,604,336,316962,173489,19.99088846570874,20.0,20.245398773006134,19092614.07575754
scale_run_16x64_ifmap84_filter604_ofmap336,1,16x64,84,604,336,746348,560589,19.990895900310107,19.998733066309462,8.930881862228214,36511725.41608889
scale_run_16x64_ifmap172_filter777_ofmap74,0,16x64,172,777,74,330532,187059,19.995641277105808,20.0,20.105121999674907,19865225.487400882
scale_run_16x64_ifmap172_filter777_ofmap74,1,16x64,172,777,74,331155,145396,19.995648842686744,19.999138240574506,20.085254306993555,19895806.10658983
scale_run_512x128_ifmap76_filter512_ofmap435,0,512x128,76,512,435,53128,48954,19.99009446941209,20.0,37.04796530169664,4092878.039519464
scale_run_512x128_ifmap76_filter512_ofmap435,1,512x128,76,512,435,292416,274623,19.989795779534415,19.998564069427243,19.99926212875853,17541340.468237028
scale_run_1024x64_ifmap358_filter512_ofmap153,0,1024x64,358,512,153,102185,91916,19.997999836350246,20.0,4.256441825696949,4522140.121236293
scale_run_1024x64_ifmap358_filter512_ofmap153,1,1024x64,358,512,153,330728,295033,19.997876989216874,19.998564069427243,1.195765255406827,13623416.00983344
scale_run_64x16_ifmap126_filter518_ofmap379,0,64x16,126,518,379,380893,266882,19.993854358717957,20.0,5.827073955414055,17452870.848354686
scale_run_64x16_ifmap126_filter518_ofmap379,1,64x16,126,518,379,1170098,942867,19.99381936144784,19.998580635431775,1.586120835814555,48650944.06929378
scale_run_128x512_ifmap49_filter777_ofmap197,0,128x512,49,777,197,108799,97427,19.98425931857492,20.0,8.25328255556187,5248196.3183642095
scale_run_128x512_ifmap49_filter777_ofmap197,1,128x512,49,777,197,314603,290655,19.984139823317633,19.999138240574506,2.8630817894261185,13479593.348933484
scale_run_128x256_ifmap448_filter128_ofmap448,0,128x256,448,128,448,10604,0,9.943717796274276,9.852417302798981,100.97972190034763,1280707.1876218591
scale_run_128x256_ifmap448_filter128_ofmap448,1,128x256,448,128,448,17036,0,9.43118732742334,39.40391039059369,65.45708473515374,1947081.620272217
scale_run_16x64_ifmap74_filter777_ofmap172,0,16x64,74,777,172,325192,181719,19.989633253612446,20.0,20.129018745102766,19550104.680766195
scale_run_16x64_ifmap74_filter777_ofmap172,1,16x64,74,777,172,326199,140440,19.989537894868814,19.999138240574506,20.1304163382214,19610787.84581696
scale_run_512x128_ifmap128_filter864_ofmap32,0,512x128,128,864,32,54284,50110,19.99425751458053,20.0,6.335128887338073,2514944.411441749
scale_run_512x128_ifmap128_filter864_ofmap32,1,512x128,128,864,32,292135,274342,19.993966490293847,19.999321872986812,0.8252564273344878,11924525.582406355
scale_run_32x32_ifmap148_filter432_ofmap444,0,32x32,148,432,444,163918,51635,19.99484285705719,20.0,20.623296385941448,9936404.148433851
scale_run_32x32_ifmap148_filter432_ofmap444,1,32x32,148,432,444,544543,358784,19.994759591687906,19.998282245195938,6.194626423479307,25151171.43750293
scale_run_64x16_ifmap326_filter640_ofmap57,0,64x16,326,640,57,326081,212070,19.997663824319588,20.0,5.358790458498899,14789877.968995735
scale_run_64x16_ifmap326_filter640_ofmap57,1,64x16,326,640,57,461514,234283,19.997646711493246,19.998843611273504,3.6531173834420945,20144905.050923266
scale_run_32x32_ifmap40_filter864_ofmap120,0,32x32,40,864,120,219714,107431,19.980579322474853,20.0,15.704528351200695,12234797.747413948
scale_run_32x32_ifmap40_filter864_ofmap120,1,32x32,40,864,120,1652156,1466397,19.980499897415662,19.999321872986812,2.027369325605467,69402432.8124161
scale_run_16x64_ifmap40_filter864_ofmap120,0,16x64,40,864,120,327959,184486,19.980669985593668,20.0,20.10638060892129,19706089.02592653
scale_run_16x64_ifmap40_filter864_ofmap120,1,16x64,40,864,120,407060,221301,19.980538045104463,19.999321872986812,16.271180876416516,22897548.665812343
scale_run_256x256_ifmap172_filter777_ofmap74,0,256x256,172,777,74,55088,47507,19.995808885163452,20.0,10.963645972932671,2807254.4492227994
scale_run_256x256_ifmap172_filter777_ofmap74,1,256x256,172,777,74,251558,239141,19.995537968366545,19.999138240574506,1.7488002968005227,10500905.462831339
scale_run_16x64_ifmap209_filter777_ofmap37,0,16x64,209,777,37,332020,188547,19.996440996165173,20.0,20.065162402816664,19941653.56052995
scale_run_16x64_ifmap209_filter777_ofmap37,1,16x64,209,777,37,332984,147225,19.996418756374226,19.999138240574506,20.066490119454283,19999700.697008345
scale_run_16x64_ifmap83_filter691_ofmap249,0,16x64,83,691,249,322339,178866,19.99068395310923,20.0,20.29406510067726,19432125.725248482
scale_run_16x64_ifmap83_filter691_ofmap249,1,16x64,83,691,249,338966,153207,19.990711687198203,19.99895644006922,19.40252520712324,20131934.205785066
scale_run_128x512_ifmap126_filter518_ofmap379,0,128x512,126,518,379,107551,96179,19.993984523820373,20.0,8.774297512337597,5245077.501270826
scale_run_128x512_ifmap126_filter518_ofmap379,1,128x512,126,518,379,249125,225177,19.993881726624423,19.998580635431775,4.045957438574255,10971071.332832063
scale_run_512x128_ifmap358_filter512_ofmap153,0,512x128,358,512,153,46772,42598,19.998181652877534,20.0,9.35747889411613,2308462.9551039874
scale_run_512x128_ifmap358_filter512_ofmap153,1,512x128,358,512,153,266461,248668,19.997890748020758,19.998564069427243,1.28766976857433,11000609.121316096
scale_run_64x16_ifmap61_filter777_ofmap185,0,64x16,61,777,185,434909,320898,19.987249928911474,20.0,4.168915313849577,19203913.669563964
scale_run_64x16_ifmap61_filter777_ofmap185,1,64x16,61,777,185,1654266,1427035,19.98721616997419,19.999138240574506,1.0615219910418854,67904106.30335365
scale_run_256x256_ifmap102_filter512_ofmap409,0,256x256,102,512,409,92109,84528,19.99255849554041,20.0,8.13810110974106,4433266.925582871
scale_run_256x256_ifmap102_filter512_ofmap409,1,256x256,102,512,409,293149,280732,19.99241367164745,19.998564069427243,2.7498953722844353,12529444.212308114
scale_run_256x256_ifmap294_filter604_ofmap126,0,256x256,294,604,126,91085,83504,19.997547592041936,20.0,6.971300997443376,4278157.5737732705
scale_run_256x256_ifmap294_filter604_ofmap126,1,256x256,294,604,126,218267,205850,19.99743812356784,19.998792890122825,1.9872113855783284,9163600.022161243
scale_run_256x256_ifmap409_filter512_ofmap102,0,256x256,409,512,102,55241,47660,19.998408428960225,20.0,10.178761061946902,2771837.0198472007
scale_run_256x256_ifmap409_filter512_ofmap102,1,256x256,409,512,102,212910,200493,19.998408428960225,19.998564069427243,2.0202765964384364,8945892.504779382
scale_run_256x256_ifmap315_filter604_ofmap105,0,256x256,315,604,105,51732,44151,19.99787437559783,20.0,11.996757404271138,2689786.2912361813
scale_run_256x256_ifmap315_filter604_ofmap105,1,256x256,315,604,105,218267,205850,19.997710884743046,19.998792890122825,1.976031017075793,9161219.25143273
scale_run_128x512_ifmap126_filter604_ofmap294,0,128x512,126,604,294,107551,96179,19.993984523820373,20.0,8.405968680348511,5205463.3670615675
scale_run_128x512_ifmap126_filter604_ofmap294,1,128x512,126,604,294,743083,719135,19.993881726624423,19.998733066309462,1.154732548924314,30575894.30483002
scale_run_64x16_ifmap177_filter432_ofmap414,0,64x16,177,432,414,324063,210052,19.995649176560704,20.0,6.111111111111111,14941495.059103793
scale_run_64x16_ifmap177_filter432_ofmap414,1,64x16,177,432,414,1171704,944473,19.995604942225434,19.998304845317136,1.5838305181358434,48716804.627124615
scale_run_1024x64_ifmap128_filter512_ofmap384,0,1024x64,128,512,384,109083,98814,19.994078115046076,20.0,6.484313944401027,5070002.4410206685
scale_run_1024x64_ifmap128_filter512_ofmap384,1,1024x64,128,512,384,328535,292840,19.993959109210245,19.998564069427243,19.997417688831504,19708795.222893924
scale_run_128x512_ifmap379_filter518_ofmap126,0,128x512,379,518,126,107784,96412,19.99811072848592,20.0,7.802699217280722,5152162.499194512
scale_run_128x512_ifmap379_filter518_ofmap126,1,128x512,379,518,126,214738,190790,19.998351161400688,19.998580635431775,3.8197967804543898,9409116.661229424
scale_run_32x32_ifmap48_filter864_ofmap112,0,32x32,48,864,112,327544,215261,19.98380091631798,20.0,10.658326834564276,16587525.092034977
scale_run_32x32_ifmap48_filter864_ofmap112,1,32x32,48,864,112,836650,650891,19.983763729990113,19.999321872986812,4.009194256226376,36806140.944202445
scale_run_64x16_ifmap444_filter432_ofmap148,0,64x16,444,432,148,322365,208354,19.998301336787282,20.0,5.5568489502773,14685386.022289572
scale_run_64x16_ifmap444_filter432_ofmap148,1,64x16,444,432,148,392093,164862,19.99829093769714,19.998304845317136,4.420336618121566,17415568.275958553
